CheckInDate,CheckOutDate,State,City,RoomType,BookingChannel,OccupancyRate,RevenuePerBed,CustomerAcquisitionCost,FeedbackRating
2025-02-17,2025-02-20,Maharashtra,Mumbai,Dorm,Website,0.77,425.58,75.62,5
2024-11-06,2024-11-08,Rajasthan,Jaisalmer,Suite,,0.68,931.19,154.88,4
2024-10-20,2024-10-23,Kerala,Munnar,Dorm,Website,0.8,1161.49,134.15,1
2025-03-08,2025-03-12,Rajasthan,Jaisalmer,Suite,Website,0.93,1175.8,144.63,5
2024-12-08,2024-12-09,Goa,Panaji,Suite,Website,0.66,995.76,296.31,2
2024-12-02,2024-12-05,Karnataka,Mysore,Dorm,Walk-in,0.66,540.28,284.16,1
2024-11-28,2024-12-03,Kerala,Munnar,Dorm,Walk-in,0.94,591.85,242.08,1
2024-11-12,2024-11-14,Goa,Vasco,Suite,OTA,0.82,656.07,278.64,4
2025-03-08,2025-03-11,Kerala,Munnar,Dorm,Website,0.63,758.57,72.73,1
2024-11-04,2024-11-08,Maharashtra,Pune,Suite,OTA,0.78,776.2,292.77,1
2025-02-24,2025-02-27,Uttarakhand,Rishikesh,Private,Website,0.63,708.35,288.45,3
2025-03-08,2025-03-10,Himachal Pradesh,Manali,Private,Website,0.63,785.44,244.66,5
2025-04-07,2025-04-09,Uttarakhand,Dehradun,Dorm,Website,0.74,1090.21,286.74,1
2025-01-29,2025-02-02,Karnataka,Bangalore,Suite,Website,0.41,538.55,268.11,4
2024-11-01,2024-11-04,Himachal Pradesh,Shimla,Private,Walk-in,0.44,706.34,111.98,1
2025-02-07,2025-02-08,Maharashtra,Nashik,Dorm,Website,0.62,1114.88,264.91,1
2025-01-05,2025-01-09,Tamil Nadu,Chennai,Private,Website,0.55,384.89,214.75,3
2024-10-22,2024-10-26,Maharashtra,Mumbai,Suite,OTA,0.75,1020.53,77.32,2
2024-10-21,2024-10-25,Goa,Panaji,Suite,Website,0.56,345.53,299.82,1
2024-11-03,2024-11-05,Tamil Nadu,Ooty,Private,Website,0.49,448.17,50.54,4
2024-11-27,2024-11-29,Tamil Nadu,Chennai,Private,Website,0.92,1171.84,194.8,5
2024-11-30,2024-12-05,Karnataka,Bangalore,Dorm,Website,0.67,361.67,66.99,2
2025-01-22,2025-01-23,Rajasthan,Jaisalmer,Private,Walk-in,0.71,825.31,180.7,3
2025-02-09,2025-02-12,Himachal Pradesh,Shimla,Dorm,Website,0.49,712.46,299.61,1
2024-10-21,2024-10-24,Maharashtra,Mumbai,Private,Website,0.62,694.37,,3
2025-02-01,2025-02-03,Himachal Pradesh,Manali,Private,Website,0.72,1100.74,235.6,2
2024-11-23,2024-11-26,Himachal Pradesh,Shimla,Dorm,Website,0.53,,257.34,1
2025-03-04,2025-03-09,Tamil Nadu,Ooty,Dorm,Website,0.76,367.72,270.78,2
2025-02-19,2025-02-22,Karnataka,Bangalore,Private,Website,0.61,1109.03,102.52,2
2025-03-01,2025-03-03,Karnataka,Bangalore,Dorm,OTA,0.66,322.31,234.14,3
2025-01-29,2025-01-31,Goa,Vasco,Suite,Website,0.61,644.29,59.68,4
2025-01-05,2025-01-06,Goa,Panaji,Suite,Website,0.98,658.62,119.65,1
2024-11-27,2024-11-28,Uttarakhand,Rishikesh,Private,Website,0.7,822.53,295.89,1
2025-01-11,2025-01-16,Maharashtra,Pune,Dorm,OTA,0.54,339.95,159.01,5
2025-02-07,2025-02-11,Goa,Vasco,Dorm,Walk-in,0.82,1128.69,205.79,1
2024-12-09,2024-12-14,Kerala,Munnar,Dorm,Website,0.52,678.4,,2
2025-03-22,2025-03-26,Himachal Pradesh,Manali,Suite,Walk-in,0.73,889.24,166.25,4
2025-04-02,2025-04-05,Karnataka,Bangalore,Suite,Walk-in,0.41,869.65,133.8,2
2024-10-17,2024-10-22,Goa,Vasco,Dorm,OTA,0.5,673.0,207.44,2
2025-03-12,2025-03-16,Rajasthan,Jaipur,Dorm,Website,0.73,1023.7,223.98,4
2025-03-21,2025-03-25,Tamil Nadu,Ooty,Suite,Walk-in,0.81,1102.82,156.69,5
2024-11-16,2024-11-21,Goa,Vasco,Private,Walk-in,0.73,515.32,159.97,3
2025-02-28,2025-03-04,Karnataka,Bangalore,Suite,Website,0.68,935.78,66.06,4
2025-01-06,2025-01-11,Kerala,Kochi,Private,OTA,0.65,305.31,137.94,4
2024-12-21,2024-12-23,Goa,Vasco,Private,OTA,0.48,737.08,147.21,4
2024-12-08,2024-12-13,Rajasthan,Udaipur,Suite,Walk-in,0.59,324.39,210.69,2
2024-11-15,2024-11-18,Tamil Nadu,Ooty,Private,OTA,0.63,976.81,257.98,3
2024-11-26,2024-11-27,Uttarakhand,Rishikesh,Suite,Website,0.86,978.81,287.4,2
2025-03-13,2025-03-15,Maharashtra,Nashik,Private,Walk-in,0.75,530.62,142.22,5
2024-12-20,2024-12-25,Himachal Pradesh,Manali,Dorm,OTA,0.44,818.22,277.01,4
2024-11-04,2024-11-07,Goa,Panaji,Suite,Walk-in,0.75,1024.98,249.06,5
2024-11-03,2024-11-07,Uttarakhand,Rishikesh,Private,Website,0.64,690.17,140.55,4
2024-12-28,2025-01-01,Himachal Pradesh,Shimla,Private,Walk-in,0.6,833.23,130.58,2
2024-11-03,2024-11-06,Tamil Nadu,Ooty,Dorm,OTA,0.79,1065.86,95.46,2
2024-12-24,2024-12-29,Himachal Pradesh,Manali,Dorm,Website,0.85,517.22,151.61,5
2025-03-29,2025-04-01,Rajasthan,Jaipur,Dorm,OTA,0.84,922.61,126.55,5
2024-12-21,2024-12-25,Uttarakhand,Dehradun,Private,OTA,0.57,526.26,80.16,2
2025-02-10,2025-02-14,Goa,Panaji,Private,Walk-in,0.65,830.63,240.05,5
2024-12-06,2024-12-07,Karnataka,Mysore,Suite,Walk-in,0.75,413.92,61.38,1
2025-03-21,2025-03-22,Tamil Nadu,Chennai,Suite,OTA,0.85,722.46,160.12,2
2024-10-24,2024-10-28,Maharashtra,Pune,Dorm,Walk-in,0.63,866.5,63.4,2
2025-03-06,2025-03-11,Kerala,Kochi,Private,OTA,0.67,1117.65,124.34,5
2025-01-13,2025-01-15,Maharashtra,Mumbai,Private,Walk-in,,373.07,109.97,5
2025-01-28,2025-01-30,Himachal Pradesh,Manali,Private,Walk-in,0.52,554.45,264.9,1
2024-11-09,2024-11-10,Goa,Vasco,Suite,Website,0.82,882.87,277.1,2
2025-04-13,2025-04-14,Himachal Pradesh,Shimla,Private,Walk-in,0.9,573.68,150.63,3
2024-12-28,2025-01-02,Kerala,Munnar,Private,Website,0.69,382.19,290.48,5
2024-10-31,2024-11-04,Rajasthan,Jaipur,Suite,Walk-in,0.85,698.01,119.54,5
2025-01-31,2025-02-03,Kerala,Munnar,Suite,Website,0.75,1071.96,132.45,4
2024-12-11,2024-12-14,Tamil Nadu,Chennai,Private,OTA,,404.33,243.14,5
2025-03-26,2025-03-31,Rajasthan,Jaipur,Private,Walk-in,0.75,980.8,206.35,1
2025-02-15,2025-02-16,Tamil Nadu,Chennai,Suite,Walk-in,0.93,1019.38,227.45,3
2025-02-13,2025-02-14,Maharashtra,Pune,Suite,Website,0.69,748.54,229.15,5
2025-04-05,2025-04-09,Tamil Nadu,Chennai,Dorm,Walk-in,0.93,757.42,269.83,1
2025-04-01,2025-04-04,Himachal Pradesh,Manali,Suite,OTA,0.31,1053.73,194.98,4
2024-12-25,2024-12-28,Kerala,Munnar,Dorm,Walk-in,0.82,514.92,145.74,4
2025-02-05,2025-02-09,Kerala,Kochi,Dorm,Website,0.71,752.06,197.55,1
2024-11-22,2024-11-24,Karnataka,Mysore,Dorm,OTA,0.66,1003.37,116.26,5
2025-03-01,2025-03-05,Kerala,Munnar,Suite,Website,0.71,855.71,108.69,3
2024-10-29,2024-10-31,Maharashtra,Pune,Suite,OTA,0.4,1113.08,61.5,1
2024-10-24,2024-10-26,Karnataka,Bangalore,Dorm,Walk-in,0.67,1083.76,204.93,2
2025-02-21,2025-02-22,Tamil Nadu,Ooty,Private,OTA,0.75,909.85,89.49,4
2024-11-29,2024-12-02,Himachal Pradesh,Shimla,Dorm,OTA,0.92,1068.0,76.66,4
2025-03-15,2025-03-16,Kerala,Munnar,Suite,Walk-in,0.62,1000.48,293.4,5
2024-12-11,2024-12-13,Goa,Vasco,Suite,Website,0.58,858.8,219.44,2
2024-10-31,2024-11-05,Tamil Nadu,Chennai,Private,Walk-in,0.62,418.27,277.41,3
2025-03-31,2025-04-02,Uttarakhand,Dehradun,Private,OTA,0.84,1170.65,123.79,3
2024-11-30,2024-12-05,Goa,Vasco,Private,Website,0.75,1011.61,53.48,5
2025-04-02,2025-04-03,Kerala,Munnar,Suite,Website,0.62,724.33,204.89,5
2024-11-04,2024-11-08,Tamil Nadu,Ooty,Dorm,Website,0.78,340.81,59.3,4
2024-12-28,2025-01-02,Uttarakhand,Dehradun,Suite,Walk-in,0.71,439.07,153.72,1
2024-12-08,2024-12-12,Uttarakhand,Rishikesh,Private,Website,0.85,1069.91,74.84,3
2025-01-12,2025-01-16,Goa,Panaji,Dorm,Walk-in,0.59,490.9,209.87,1
2025-02-16,2025-02-21,Goa,Panaji,Dorm,Walk-in,0.65,494.36,267.42,3
2025-03-26,2025-03-31,Karnataka,Bangalore,Private,Website,0.64,,266.61,2
2024-12-25,2024-12-26,Karnataka,Mysore,Dorm,Walk-in,0.48,678.86,78.41,1
2024-11-16,2024-11-21,Goa,Panaji,Private,OTA,0.74,879.01,57.79,4
2024-12-26,2024-12-27,Tamil Nadu,Chennai,Private,Walk-in,0.74,433.5,81.55,5
2024-12-23,2024-12-28,Himachal Pradesh,Shimla,Suite,OTA,0.7,389.26,225.44,5
2024-11-25,2024-11-29,Uttarakhand,Dehradun,Private,Walk-in,0.66,385.58,156.69,3
2025-02-23,2025-02-27,Maharashtra,Mumbai,Dorm,Walk-in,0.49,964.92,252.94,5
2024-12-06,2024-12-10,Kerala,Munnar,Suite,Website,0.64,1171.56,200.1,3
2025-03-01,2025-03-06,Maharashtra,Pune,Private,Website,0.65,986.35,193.53,4
2025-04-15,2025-04-18,Rajasthan,Jaisalmer,Dorm,Website,0.58,545.94,240.6,3
2025-02-25,2025-02-26,Maharashtra,Mumbai,Dorm,Walk-in,0.68,777.43,144.05,4
2025-02-18,2025-02-20,Maharashtra,Mumbai,Dorm,Walk-in,0.76,344.79,70.4,4
2024-10-29,2024-11-02,Maharashtra,Pune,Dorm,OTA,0.98,910.4,198.28,5
2025-02-11,2025-02-14,Rajasthan,Jaipur,Dorm,Website,0.73,,122.36,1
2025-02-16,2025-02-17,Goa,Vasco,Private,Walk-in,0.74,338.07,54.69,1
2024-11-18,2024-11-19,Kerala,Munnar,Private,Website,0.69,1169.58,92.97,5
2025-01-27,2025-01-31,Maharashtra,Mumbai,Suite,OTA,0.41,771.57,148.94,3
2025-03-06,2025-03-11,Maharashtra,Nashik,Dorm,OTA,0.7,615.99,289.56,2
2024-12-02,2024-12-06,Maharashtra,Mumbai,Private,Walk-in,0.71,983.89,162.23,5
2024-11-16,2024-11-20,Uttarakhand,Rishikesh,Dorm,OTA,1.0,697.99,125.71,3
2025-01-13,2025-01-16,Rajasthan,Jaipur,Private,Website,0.67,880.2,294.34,1
2024-12-28,2025-01-02,Rajasthan,Udaipur,Suite,Website,0.75,589.37,168.91,2
2024-12-07,2024-12-09,Maharashtra,Nashik,Dorm,Website,0.69,936.86,297.75,5
2025-04-13,2025-04-18,Kerala,Munnar,Dorm,Walk-in,0.52,882.57,66.48,1
2025-02-17,2025-02-18,Karnataka,Mysore,Suite,Walk-in,0.87,427.29,137.46,4
2025-02-26,2025-03-03,Uttarakhand,Rishikesh,Dorm,Walk-in,0.81,903.41,177.12,1
2025-02-01,2025-02-03,Tamil Nadu,Chennai,Dorm,Website,0.82,369.45,261.11,1
2024-11-27,2024-12-02,Uttarakhand,Rishikesh,Private,Website,0.56,446.02,257.84,5
2025-02-25,2025-03-02,Goa,Vasco,Private,Walk-in,0.91,1005.42,108.5,2
2024-12-17,2024-12-21,Uttarakhand,Dehradun,Private,OTA,0.49,752.62,154.67,2
2025-03-28,2025-04-02,Tamil Nadu,Ooty,Dorm,Walk-in,0.79,1061.3,262.79,3
2025-03-14,2025-03-16,Kerala,Kochi,Private,OTA,1.0,1137.42,153.72,4
2025-03-15,2025-03-16,Rajasthan,Udaipur,Suite,Walk-in,0.55,601.76,86.51,1
2024-10-26,2024-10-31,Tamil Nadu,Ooty,Dorm,Website,0.62,317.1,103.91,2
2024-11-29,2024-12-02,Himachal Pradesh,Manali,Dorm,Website,0.71,514.6,209.74,5
2025-03-24,2025-03-29,Rajasthan,Jaisalmer,Suite,Website,0.62,946.69,122.82,1
2024-10-22,2024-10-25,Maharashtra,Nashik,Dorm,Walk-in,0.47,789.67,246.6,5
2025-03-21,2025-03-22,Uttarakhand,Dehradun,Private,Website,0.71,610.32,233.24,1
2024-12-16,2024-12-20,Uttarakhand,Rishikesh,Suite,OTA,0.54,868.56,252.87,1
2025-01-01,2025-01-04,Goa,Panaji,Private,Walk-in,0.77,658.4,253.85,4
2024-12-06,2024-12-09,Rajasthan,Jaisalmer,Private,Website,0.56,1019.41,159.24,4
2024-10-28,2024-10-31,Tamil Nadu,Ooty,Suite,OTA,0.93,1021.03,231.77,1
2024-11-25,2024-11-28,Maharashtra,Mumbai,Suite,OTA,0.58,575.85,200.66,4
2025-04-11,2025-04-14,Uttarakhand,Dehradun,Suite,Website,0.65,367.54,209.38,3
2025-02-03,2025-02-05,Tamil Nadu,Chennai,Dorm,Website,0.82,1000.66,141.58,4
2025-04-04,2025-04-08,Uttarakhand,Dehradun,Dorm,Walk-in,0.52,423.93,141.74,3
2025-03-04,2025-03-09,Tamil Nadu,Ooty,Dorm,OTA,0.73,997.47,226.01,2
2024-12-16,2024-12-17,Maharashtra,Mumbai,Private,Website,0.9,1108.81,161.28,1
2024-11-26,2024-12-01,Maharashtra,Nashik,Private,OTA,0.46,1066.23,227.95,2
2025-02-20,2025-02-24,Karnataka,Bangalore,Dorm,OTA,0.73,798.62,142.23,5
2025-01-20,2025-01-24,Tamil Nadu,Ooty,Suite,Website,0.74,412.79,129.26,1
2024-12-31,2025-01-04,Karnataka,Bangalore,Suite,Website,0.82,1048.25,179.53,3
2025-04-05,2025-04-08,Himachal Pradesh,Manali,Dorm,Walk-in,0.51,1160.72,118.61,3
2025-04-11,2025-04-16,Karnataka,Bangalore,Suite,Walk-in,0.5,603.86,280.98,1
2025-02-17,2025-02-22,Himachal Pradesh,Manali,Private,Walk-in,0.78,875.09,174.51,5
2025-01-13,2025-01-17,Kerala,Munnar,Dorm,Walk-in,0.74,353.92,159.9,4
2024-11-12,2024-11-16,Uttarakhand,Dehradun,Dorm,OTA,0.74,763.48,76.55,2
2024-12-06,2024-12-11,Himachal Pradesh,Shimla,Private,Website,0.75,1166.42,275.58,3
2024-11-12,2024-11-15,Tamil Nadu,Ooty,Private,Website,0.6,381.04,148.31,4
2024-12-02,2024-12-05,Tamil Nadu,Ooty,Suite,Website,0.73,1062.46,157.73,3
2025-03-09,2025-03-14,Goa,Vasco,Private,Website,0.74,647.71,162.59,5
2025-02-02,2025-02-05,Maharashtra,Pune,Private,Walk-in,0.59,1145.05,238.74,2
2025-01-28,2025-02-02,Uttarakhand,Dehradun,Private,Website,0.98,845.63,178.88,3
2024-12-06,2024-12-11,Himachal Pradesh,Shimla,Suite,Walk-in,0.77,740.86,190.73,4
2025-03-10,2025-03-15,Himachal Pradesh,Manali,Private,OTA,0.52,1170.36,245.73,5
2025-02-06,2025-02-08,Kerala,Kochi,Dorm,Walk-in,0.8,1153.38,77.47,1
2025-01-07,2025-01-09,Tamil Nadu,Chennai,Suite,Website,0.55,804.8,299.53,4
2025-04-08,2025-04-11,Uttarakhand,Dehradun,Suite,OTA,0.82,473.04,111.63,5
2025-02-06,2025-02-09,Goa,Vasco,Private,OTA,0.87,804.44,283.62,3
2025-01-01,2025-01-03,Kerala,Munnar,Private,Website,0.58,558.87,228.54,3
2024-12-25,2024-12-27,Himachal Pradesh,Shimla,Dorm,Walk-in,0.84,966.8,109.82,1
2024-11-27,2024-12-01,Kerala,Munnar,Dorm,Walk-in,0.76,993.69,51.3,5
2024-11-11,2024-11-13,Tamil Nadu,Ooty,Private,OTA,0.82,556.87,64.79,1
2025-01-22,2025-01-26,Rajasthan,Jaipur,Dorm,Website,0.98,1197.45,149.25,4
2025-01-19,2025-01-22,Rajasthan,Jaipur,Suite,Walk-in,0.66,396.57,295.75,3
2024-11-02,2024-11-05,Karnataka,Mysore,Dorm,Website,,597.62,232.78,3
2025-03-11,2025-03-16,Goa,Panaji,Suite,OTA,0.57,1044.29,178.82,1
2024-10-25,2024-10-28,Goa,Panaji,Private,Website,0.58,702.06,116.75,3
2025-04-01,2025-04-02,Goa,Panaji,Private,OTA,0.69,443.75,221.52,3
2024-11-06,2024-11-08,Goa,Panaji,Private,Website,0.75,709.48,297.21,3
2024-11-14,2024-11-19,Goa,Panaji,Dorm,Walk-in,0.74,702.07,225.94,1
2025-02-14,2025-02-16,Goa,Panaji,Private,Walk-in,0.82,697.66,220.07,5
2024-11-16,2024-11-20,Karnataka,Mysore,Suite,Website,0.7,802.92,218.19,3
2025-03-18,2025-03-22,Maharashtra,Mumbai,Private,Walk-in,0.92,357.38,298.53,1
2025-02-25,2025-02-28,Karnataka,Mysore,Private,OTA,0.66,1082.66,276.69,4
2025-01-05,2025-01-07,Uttarakhand,Rishikesh,Suite,OTA,1.0,775.96,231.96,2
2025-02-08,2025-02-10,Kerala,Munnar,Dorm,OTA,0.79,611.54,118.91,1
2024-10-28,2024-10-30,Rajasthan,Jaipur,Dorm,Website,0.57,834.55,161.61,1
2024-12-29,2025-01-03,Rajasthan,Jaipur,Private,Website,0.54,1034.21,232.88,3
2024-12-29,2025-01-02,Karnataka,Bangalore,Private,OTA,0.77,354.86,287.13,2
2025-02-08,2025-02-12,Kerala,Munnar,Private,Website,0.67,569.9,95.97,5
2025-01-14,2025-01-19,Tamil Nadu,Chennai,Private,OTA,0.81,801.56,83.52,2
2025-01-26,2025-01-31,Uttarakhand,Rishikesh,Suite,Website,0.77,346.38,144.29,5
2024-12-03,2024-12-05,Goa,Vasco,Private,OTA,0.69,1161.32,53.83,2
2025-01-31,2025-02-04,Goa,Panaji,Dorm,Walk-in,0.57,589.45,120.76,4
2025-04-01,2025-04-02,Tamil Nadu,Ooty,Suite,OTA,0.47,985.47,130.06,2
2024-10-18,2024-10-21,Karnataka,Bangalore,Suite,Walk-in,0.63,821.23,154.39,2
2025-02-25,2025-03-01,Uttarakhand,Dehradun,Suite,Walk-in,0.83,965.63,165.21,3
2025-03-04,2025-03-05,Rajasthan,Jaisalmer,Dorm,Walk-in,0.73,343.66,,2
2024-11-07,2024-11-08,Tamil Nadu,Ooty,Suite,Walk-in,,900.08,204.13,4
2025-02-25,2025-02-28,Rajasthan,Jaisalmer,Suite,OTA,0.73,315.43,253.29,4
2025-04-05,2025-04-07,Karnataka,Bangalore,Suite,Walk-in,0.76,527.18,138.61,4
2025-01-28,2025-01-29,Goa,Vasco,Suite,Walk-in,0.57,983.63,73.38,4
2025-03-10,2025-03-14,Maharashtra,Pune,Suite,OTA,0.72,809.27,264.49,1
2024-12-06,2024-12-07,Tamil Nadu,Ooty,Dorm,Walk-in,0.71,1133.03,274.83,5
2025-03-14,2025-03-18,Goa,Panaji,Dorm,OTA,0.53,446.21,110.12,4
2025-02-17,2025-02-20,Maharashtra,Nashik,Dorm,Website,0.75,693.38,259.67,3
2024-12-21,2024-12-24,Uttarakhand,Rishikesh,Private,OTA,0.78,505.32,188.26,4
2024-11-06,2024-11-07,Himachal Pradesh,Manali,Dorm,OTA,0.86,438.8,,2
2024-12-11,2024-12-14,Himachal Pradesh,Shimla,Private,Website,0.86,419.26,96.85,4
2025-01-08,2025-01-13,Maharashtra,Nashik,Private,OTA,0.49,311.11,153.45,1
2024-11-15,2024-11-17,Karnataka,Mysore,Dorm,OTA,0.56,571.02,173.28,1
2025-01-12,2025-01-14,Uttarakhand,Dehradun,Suite,Walk-in,0.78,746.22,204.17,4
2024-10-16,2024-10-20,Kerala,Munnar,Private,OTA,0.78,1033.93,264.88,5
2025-03-05,2025-03-09,Uttarakhand,Rishikesh,Private,OTA,0.78,961.39,208.23,5
2025-04-04,2025-04-09,Uttarakhand,Rishikesh,Dorm,Walk-in,1.0,,94.98,5
2025-03-04,2025-03-08,Himachal Pradesh,Manali,Suite,OTA,0.79,425.26,125.71,3
2024-12-06,2024-12-11,Tamil Nadu,Ooty,Suite,Walk-in,0.87,676.47,59.19,3
2025-01-21,2025-01-24,Maharashtra,Mumbai,Dorm,Walk-in,0.84,851.41,190.81,4
2025-03-12,2025-03-14,Maharashtra,Pune,Suite,Walk-in,0.8,766.92,195.13,5
2024-11-19,2024-11-20,Karnataka,Mysore,Private,Website,0.65,565.89,280.14,1
2025-01-22,2025-01-27,Tamil Nadu,Chennai,Private,OTA,0.81,728.55,159.54,4
2025-04-11,2025-04-13,Uttarakhand,Rishikesh,Suite,Website,0.58,764.39,187.98,3
2024-11-05,2024-11-09,Karnataka,Bangalore,Private,Website,0.66,963.65,270.77,4
2025-04-03,2025-04-04,Maharashtra,Nashik,Suite,Website,0.63,629.21,99.27,1
2025-02-14,2025-02-19,Kerala,Munnar,Dorm,OTA,0.71,616.79,164.47,2
2024-12-12,2024-12-14,Maharashtra,Nashik,Private,Website,1.0,514.72,79.24,3
2025-03-28,2025-03-30,Kerala,Munnar,Private,Walk-in,0.42,783.64,279.79,2
2025-02-17,2025-02-20,Tamil Nadu,Chennai,Dorm,OTA,0.8,422.88,253.8,5
2025-01-22,2025-01-24,Tamil Nadu,Ooty,Dorm,Walk-in,0.46,327.77,240.26,3
2025-02-11,2025-02-16,Tamil Nadu,Chennai,Dorm,OTA,0.63,997.6,255.82,3
2024-11-23,2024-11-24,Goa,Vasco,Suite,Walk-in,0.86,976.21,124.43,1
2024-11-14,2024-11-16,Maharashtra,Mumbai,Suite,Walk-in,0.71,920.22,265.26,5
2024-12-27,2025-01-01,Goa,Panaji,Private,Walk-in,0.54,552.98,184.69,3
2025-03-13,2025-03-17,Maharashtra,Mumbai,Dorm,OTA,0.59,1080.34,81.72,2
2024-11-16,2024-11-18,Kerala,Munnar,Suite,Walk-in,0.8,541.85,153.56,4
2025-01-28,2025-02-01,Himachal Pradesh,Shimla,Private,OTA,0.59,823.76,267.23,1
2025-03-16,2025-03-20,Maharashtra,Nashik,Dorm,OTA,0.73,1042.36,173.68,3
2025-04-13,2025-04-14,Tamil Nadu,Ooty,Dorm,Website,0.71,863.56,,1
2025-01-26,2025-01-28,Kerala,Kochi,Suite,OTA,0.6,443.08,283.18,3
2025-04-12,2025-04-16,Karnataka,Bangalore,Suite,,1.0,953.39,238.81,4
2024-10-16,2024-10-21,Karnataka,Bangalore,Suite,OTA,0.8,308.36,223.9,1
2025-02-09,2025-02-10,Kerala,Kochi,Dorm,OTA,0.4,630.81,124.81,4
2024-12-17,2024-12-22,Karnataka,Bangalore,Suite,Website,0.73,849.29,91.03,3
2025-01-18,2025-01-19,Tamil Nadu,Chennai,Dorm,Website,0.6,977.2,197.39,4
2024-10-19,2024-10-24,Maharashtra,Mumbai,Suite,Walk-in,0.83,949.06,121.23,1
2024-11-06,2024-11-09,Goa,Vasco,Suite,Website,0.58,1005.42,248.44,2
2025-04-14,2025-04-17,Rajasthan,Udaipur,Dorm,OTA,0.68,1074.73,192.1,3
2024-12-25,2024-12-30,Maharashtra,Mumbai,Dorm,Website,0.78,535.97,59.96,1
2025-04-04,2025-04-08,Kerala,Munnar,Dorm,Walk-in,0.83,782.91,204.01,3
2025-03-26,2025-03-30,Karnataka,Mysore,Suite,Walk-in,0.52,986.9,212.46,1
2025-03-21,2025-03-25,Goa,Panaji,Dorm,OTA,0.65,851.07,63.76,2
2024-12-14,2024-12-16,Uttarakhand,Dehradun,Private,Website,0.63,974.8,268.37,1
2024-12-01,2024-12-06,Maharashtra,Pune,Suite,Website,0.6,746.53,177.7,1
2024-10-27,2024-10-28,Maharashtra,Nashik,Dorm,Walk-in,0.96,757.94,61.01,1
2024-12-01,2024-12-05,Rajasthan,Jaisalmer,Dorm,OTA,0.76,523.44,278.96,3
2025-04-04,2025-04-06,Rajasthan,Jaipur,Suite,Website,0.51,1158.67,67.23,4
2025-02-03,2025-02-06,Tamil Nadu,Chennai,Dorm,OTA,0.84,807.43,125.98,5
2024-10-31,2024-11-02,Goa,Panaji,Dorm,OTA,,321.52,185.39,1
2024-11-01,2024-11-03,Himachal Pradesh,Manali,Suite,Website,0.85,677.83,290.3,2
2025-03-07,2025-03-11,Kerala,Munnar,Suite,Website,0.47,822.69,176.36,4
2025-01-18,2025-01-21,Goa,Vasco,Private,OTA,0.63,930.65,233.84,3
2025-03-23,2025-03-24,Maharashtra,Mumbai,Dorm,OTA,0.89,719.45,151.63,5
2024-10-29,2024-10-31,Maharashtra,Mumbai,Suite,OTA,0.59,1043.75,224.22,1
2025-03-12,2025-03-17,Uttarakhand,Dehradun,Dorm,Walk-in,0.77,568.96,255.02,2
2025-01-27,2025-01-31,Goa,Panaji,Dorm,Website,0.82,409.31,65.42,2
2025-03-13,2025-03-18,Maharashtra,Nashik,Private,Website,0.56,319.62,66.12,4
2024-11-09,2024-11-13,Maharashtra,Mumbai,Dorm,Website,0.69,1131.72,158.29,4
2024-11-09,2024-11-12,Karnataka,Mysore,Private,Website,0.3,331.18,204.79,2
2025-02-21,2025-02-25,Maharashtra,Pune,Dorm,OTA,0.55,479.51,271.16,5
2025-01-16,2025-01-20,Kerala,Munnar,Suite,OTA,0.66,609.63,191.41,3
2025-01-30,2025-02-03,Himachal Pradesh,Manali,Suite,OTA,0.51,990.16,299.9,2
2024-11-17,2024-11-22,Rajasthan,Jaipur,Private,OTA,0.94,1141.69,297.89,2
2024-12-06,2024-12-09,Rajasthan,Jaisalmer,Suite,Walk-in,0.49,427.89,287.09,4
2025-01-26,2025-01-31,Goa,Panaji,Private,Website,0.63,598.56,203.53,2
2025-04-03,2025-04-05,Rajasthan,Jaipur,Suite,Walk-in,0.72,1125.5,243.59,5
2025-02-10,2025-02-13,Kerala,Kochi,Private,OTA,0.92,422.81,89.38,4
2025-01-06,2025-01-11,Uttarakhand,Rishikesh,Dorm,OTA,,576.14,222.12,2
2024-11-26,2024-12-01,Rajasthan,Jaipur,Private,Walk-in,0.87,498.81,191.39,4
2025-04-14,2025-04-17,Karnataka,Bangalore,Private,Website,0.7,538.69,112.39,1
2025-01-28,2025-01-30,Tamil Nadu,Ooty,Private,OTA,0.55,1093.59,137.81,4
2025-03-11,2025-03-15,Goa,Panaji,Dorm,Website,0.77,565.42,129.68,1
2025-03-06,2025-03-11,Maharashtra,Pune,Suite,OTA,0.73,934.05,157.83,2
2025-02-26,2025-03-03,Goa,Vasco,Suite,Walk-in,0.61,786.11,215.15,3
2024-11-24,2024-11-27,Karnataka,Bangalore,Dorm,OTA,0.71,378.87,255.97,5
2025-03-03,2025-03-04,Maharashtra,Pune,Private,OTA,0.64,723.85,273.72,3
2024-12-15,2024-12-19,Uttarakhand,Rishikesh,Dorm,OTA,0.72,695.77,115.85,3
2025-01-01,2025-01-06,Uttarakhand,Dehradun,Dorm,Walk-in,0.8,354.89,146.78,5
2025-02-23,2025-02-26,Goa,Vasco,Dorm,OTA,0.94,1112.5,228.58,5
2025-02-19,2025-02-23,Karnataka,Bangalore,Dorm,Website,0.51,1174.95,252.12,2
2024-12-27,2024-12-30,Karnataka,Mysore,Suite,Website,1.0,378.32,189.09,5
2025-01-09,2025-01-13,Kerala,Kochi,Dorm,Website,0.41,809.93,195.67,1
2025-04-08,2025-04-11,Uttarakhand,Dehradun,Private,Walk-in,0.68,737.03,202.24,1
2025-01-24,2025-01-28,Kerala,Kochi,Private,Walk-in,0.79,513.82,236.44,3
2025-01-11,2025-01-12,Himachal Pradesh,Shimla,Dorm,Website,0.74,570.43,235.93,3
2024-11-08,2024-11-12,Goa,Vasco,Suite,OTA,0.61,1038.92,178.82,2
2024-12-03,2024-12-05,Rajasthan,Jaipur,Dorm,Website,0.67,524.54,164.11,3
2024-11-28,2024-11-29,Maharashtra,Nashik,Dorm,OTA,0.63,739.91,161.53,4
2024-10-28,2024-10-29,Maharashtra,Pune,Private,Website,0.61,446.62,193.06,2
2024-12-20,2024-12-21,Kerala,Kochi,Private,Website,0.83,882.63,200.29,1
2024-10-20,2024-10-24,Himachal Pradesh,Shimla,Private,OTA,0.75,526.8,166.67,5
2025-02-07,2025-02-10,Uttarakhand,Dehradun,Suite,Website,0.6,733.56,134.07,3
2025-01-31,2025-02-02,Himachal Pradesh,Manali,Suite,Website,0.83,1109.72,251.36,5
2024-11-29,2024-12-02,Tamil Nadu,Ooty,Private,OTA,0.75,649.45,58.83,5
2025-02-07,2025-02-12,Tamil Nadu,Ooty,Private,Website,0.82,1056.57,269.12,2
2024-11-27,2024-11-28,Karnataka,Mysore,Dorm,OTA,0.79,501.0,267.86,4
2024-10-17,2024-10-18,Maharashtra,Pune,Suite,Walk-in,0.58,822.28,205.16,4
2024-10-29,2024-10-30,Himachal Pradesh,Shimla,Dorm,Website,0.62,1193.11,135.67,5
2025-03-02,2025-03-06,Karnataka,Bangalore,Private,Walk-in,0.81,,128.35,1
2025-02-15,2025-02-16,Karnataka,Mysore,Dorm,Walk-in,0.79,690.34,157.35,4
2024-10-27,2024-10-30,Uttarakhand,Rishikesh,Suite,Website,0.7,316.12,51.03,2
2024-11-29,2024-11-30,Himachal Pradesh,Manali,Dorm,OTA,0.72,1153.62,163.98,5
2024-10-29,2024-11-01,Uttarakhand,Dehradun,Dorm,Website,0.89,,279.55,4
2025-04-09,2025-04-14,Rajasthan,Jaisalmer,Dorm,Website,0.61,629.93,212.64,1
2024-10-22,2024-10-23,Rajasthan,Jaisalmer,Suite,Website,0.78,343.41,78.95,4
2025-03-31,2025-04-04,Rajasthan,Udaipur,Suite,Website,0.67,896.23,117.49,5
2024-12-19,2024-12-20,Maharashtra,Pune,Dorm,OTA,0.67,478.78,99.94,3
2024-10-29,2024-11-03,Karnataka,Bangalore,Private,Website,0.86,,170.17,2
2025-01-23,2025-01-24,Tamil Nadu,Chennai,Suite,Website,0.82,951.21,75.32,3
2024-12-01,2024-12-03,Rajasthan,Jaipur,Dorm,OTA,0.82,624.19,219.19,4
2024-12-09,2024-12-12,Karnataka,Bangalore,Private,OTA,0.9,1159.58,117.08,1
2025-02-22,2025-02-26,Tamil Nadu,Ooty,Suite,OTA,0.7,1019.91,212.21,2
2025-01-18,2025-01-22,Karnataka,Bangalore,Suite,OTA,0.8,1022.04,219.6,2
2024-11-26,2024-11-30,Karnataka,Mysore,Dorm,OTA,0.65,,65.83,3
2025-01-28,2025-02-02,Goa,Vasco,Suite,Walk-in,0.75,930.52,73.81,2
2024-11-10,2024-11-12,Rajasthan,Jaipur,Suite,OTA,0.68,1066.68,267.35,1
2025-03-05,2025-03-09,Goa,Vasco,Dorm,Website,0.71,713.19,250.32,4
2025-04-15,2025-04-19,Rajasthan,Jaipur,Private,Website,0.79,801.42,50.04,1
2025-04-05,2025-04-08,Goa,Vasco,Private,Website,0.58,1034.93,261.08,3
2025-02-03,2025-02-04,Tamil Nadu,Chennai,Suite,Website,1.0,301.98,138.78,3
2025-02-04,2025-02-08,Tamil Nadu,Chennai,Dorm,OTA,0.55,849.77,96.89,4
2025-01-15,2025-01-20,Kerala,Kochi,Dorm,OTA,0.52,711.65,197.33,5
2024-12-02,2024-12-07,Kerala,Munnar,Dorm,Walk-in,0.87,820.7,232.62,2
2025-03-17,2025-03-22,Kerala,Munnar,Suite,Website,0.82,546.24,290.9,3
2025-01-15,2025-01-20,Himachal Pradesh,Shimla,Suite,Website,0.79,480.8,206.04,3
2025-03-21,2025-03-22,Karnataka,Mysore,Private,Walk-in,0.79,732.33,192.66,4
2025-01-03,2025-01-08,Kerala,Kochi,Dorm,Website,0.7,642.78,63.27,1
2024-11-21,2024-11-22,Himachal Pradesh,Manali,Suite,OTA,0.57,483.6,185.29,3
2024-11-03,2024-11-05,Goa,Vasco,Suite,Walk-in,0.71,558.87,216.12,4
2024-11-03,2024-11-06,Rajasthan,Jaipur,Dorm,Walk-in,0.6,1081.96,265.11,4
2025-02-20,2025-02-23,Goa,Panaji,Private,Website,0.85,1185.11,68.62,2
2025-01-07,2025-01-09,Himachal Pradesh,Manali,Suite,OTA,0.68,305.08,166.58,2
2024-12-23,2024-12-28,Himachal Pradesh,Shimla,Suite,OTA,0.58,365.59,226.92,5
2025-01-06,2025-01-07,Kerala,Munnar,Private,Website,0.65,1095.06,215.83,3
2025-01-03,2025-01-06,Rajasthan,Jaipur,Private,Website,0.76,1114.05,203.43,5
2025-01-14,2025-01-17,Maharashtra,Pune,Suite,Walk-in,0.62,554.55,277.83,3
2025-04-01,2025-04-06,Goa,Vasco,Dorm,Website,0.58,450.66,289.07,5
2025-03-06,2025-03-07,Goa,Vasco,Dorm,Walk-in,0.74,1045.87,269.66,4
2024-10-26,2024-10-27,Tamil Nadu,Ooty,Dorm,Website,0.74,348.84,248.55,5
2025-02-23,2025-02-27,Tamil Nadu,Ooty,Private,Website,0.62,650.55,79.58,1
2025-02-19,2025-02-24,Maharashtra,Pune,Dorm,OTA,0.63,1008.2,125.34,1
2025-02-18,2025-02-20,Rajasthan,Udaipur,Suite,Website,0.73,422.74,147.75,5
2024-11-04,2024-11-09,Uttarakhand,Rishikesh,Suite,Website,0.48,410.91,51.26,5
2024-10-27,2024-10-31,Uttarakhand,Rishikesh,Suite,Walk-in,0.49,428.21,96.0,5
2025-01-02,2025-01-06,Rajasthan,Jaisalmer,Suite,Walk-in,0.59,365.83,217.92,3
2025-03-06,2025-03-07,Karnataka,Bangalore,Private,Walk-in,0.67,362.83,98.37,4
2024-12-20,2024-12-24,Uttarakhand,Dehradun,Dorm,Website,0.75,581.89,246.42,4
2025-03-20,2025-03-24,Tamil Nadu,Ooty,Private,OTA,0.92,738.27,77.21,5
2025-04-01,2025-04-02,Goa,Vasco,Suite,Website,0.83,1102.89,262.4,1
2024-11-06,2024-11-09,Rajasthan,Jaisalmer,Suite,Walk-in,0.68,724.89,243.8,3
2024-12-03,2024-12-08,Karnataka,Mysore,Suite,Website,0.7,657.11,175.54,2
2024-11-22,2024-11-24,Karnataka,Mysore,Dorm,Walk-in,0.55,1153.84,214.85,2
2024-11-21,2024-11-22,Tamil Nadu,Chennai,Private,OTA,0.7,510.62,217.15,5
2025-01-28,2025-01-31,Rajasthan,Jaipur,Dorm,Walk-in,0.66,1171.6,208.39,3
2025-01-11,2025-01-16,Kerala,Munnar,Suite,Website,0.75,765.0,144.08,2
2024-11-12,2024-11-17,Tamil Nadu,Chennai,Dorm,OTA,0.58,449.05,69.27,3
2025-01-05,2025-01-07,Maharashtra,Nashik,Private,OTA,0.78,948.23,170.38,4
2024-11-20,2024-11-22,Goa,Panaji,Suite,Walk-in,0.93,445.02,207.39,1
2024-12-09,2024-12-12,Kerala,Kochi,Dorm,Website,0.68,704.28,298.19,4
2025-01-13,2025-01-15,Karnataka,Mysore,Suite,Walk-in,0.76,608.4,163.37,5
2024-12-03,2024-12-08,Kerala,Kochi,Dorm,Website,0.8,728.28,203.69,1
2025-04-03,2025-04-07,Karnataka,Bangalore,Suite,OTA,0.64,633.34,60.86,5
2025-04-13,2025-04-17,Uttarakhand,Rishikesh,Dorm,OTA,0.73,729.43,108.13,1
2024-10-30,2024-11-04,Rajasthan,Jaisalmer,Dorm,Walk-in,0.7,306.47,213.64,3
2025-01-10,2025-01-15,Himachal Pradesh,Shimla,Private,Walk-in,0.71,548.0,220.15,2
2025-03-21,2025-03-24,Tamil Nadu,Ooty,Suite,OTA,0.58,996.78,149.53,2
2025-04-01,2025-04-03,Karnataka,Bangalore,Suite,OTA,0.7,1007.47,250.21,5
2025-03-31,2025-04-02,Rajasthan,Jaipur,Private,Walk-in,0.77,691.84,66.02,2
2025-01-30,2025-02-04,Kerala,Munnar,Dorm,Website,0.92,876.26,159.74,2
2024-11-04,2024-11-05,Goa,Panaji,Private,Website,0.84,889.52,293.91,1
2024-10-25,2024-10-26,Goa,Panaji,Dorm,Walk-in,1.0,556.04,257.44,5
2025-02-19,2025-02-23,Goa,Vasco,Suite,Website,0.58,535.0,151.78,1
2025-01-28,2025-02-01,Himachal Pradesh,Shimla,Private,Walk-in,0.83,735.27,110.82,3
2025-03-27,2025-03-28,Rajasthan,Udaipur,Private,Website,0.73,644.41,247.16,2
2024-10-18,2024-10-21,Rajasthan,Jaisalmer,Dorm,OTA,1.0,383.71,218.42,3
2024-11-03,2024-11-05,Himachal Pradesh,Manali,Private,Walk-in,0.58,479.7,233.86,3
2025-04-13,2025-04-14,Karnataka,Bangalore,Dorm,Walk-in,0.57,1160.2,173.17,1
2025-03-11,2025-03-16,Uttarakhand,Dehradun,Private,OTA,0.61,464.58,241.07,5
2025-03-29,2025-04-03,Kerala,Munnar,Dorm,Walk-in,0.38,612.56,265.1,2
2024-11-30,2024-12-02,Rajasthan,Jaipur,Private,Walk-in,0.62,390.67,140.4,3
2024-11-17,2024-11-19,Uttarakhand,Dehradun,Private,OTA,0.59,489.48,225.18,3
2025-01-02,2025-01-05,Goa,Panaji,Dorm,Walk-in,0.72,689.0,,2
2025-01-18,2025-01-20,Kerala,Munnar,Suite,Walk-in,0.75,780.58,128.93,4
2025-01-17,2025-01-19,Karnataka,Bangalore,Private,OTA,0.98,1055.07,74.08,3
2024-11-26,2024-11-30,Uttarakhand,Rishikesh,Dorm,OTA,0.84,1080.63,290.78,2
2025-04-01,2025-04-04,Himachal Pradesh,Shimla,Suite,Walk-in,0.61,738.74,234.13,1
2025-01-01,2025-01-05,Karnataka,Mysore,Suite,Walk-in,0.57,814.47,262.23,1
2025-04-09,2025-04-12,Himachal Pradesh,Shimla,Private,OTA,0.77,973.11,180.23,4
2024-10-27,2024-10-29,Himachal Pradesh,Manali,Dorm,OTA,0.5,392.71,65.95,4
2024-11-16,2024-11-19,Maharashtra,Mumbai,Suite,Website,0.97,375.88,282.9,4
2024-12-28,2024-12-29,Karnataka,Bangalore,Dorm,Walk-in,0.88,621.16,278.82,4
2024-10-16,2024-10-21,Karnataka,Bangalore,Suite,OTA,0.63,867.94,208.96,5
2024-12-30,2024-12-31,Tamil Nadu,Chennai,Private,OTA,0.44,,114.95,3
2024-12-06,2024-12-11,Himachal Pradesh,Shimla,Dorm,Walk-in,0.9,1129.88,286.74,4
2025-04-13,2025-04-16,Rajasthan,Jaisalmer,Dorm,OTA,0.68,1093.95,159.28,2
2025-03-17,2025-03-21,Himachal Pradesh,Manali,Suite,Website,0.89,764.95,249.99,5
2025-03-17,2025-03-19,Himachal Pradesh,Shimla,Dorm,Website,0.46,422.96,77.59,4
2025-01-12,2025-01-13,Rajasthan,Jaipur,Suite,,0.61,467.34,75.57,3
2024-12-10,2024-12-12,Rajasthan,Udaipur,Private,OTA,0.7,580.42,249.87,3
2025-01-06,2025-01-09,Karnataka,Bangalore,Private,Website,0.71,788.87,95.4,3
2025-02-28,2025-03-04,Goa,Vasco,Dorm,Walk-in,0.63,1195.08,99.79,1
2025-03-06,2025-03-08,Himachal Pradesh,Shimla,Suite,Walk-in,0.79,337.97,284.36,5
2025-03-17,2025-03-19,Rajasthan,Jaisalmer,Dorm,Website,0.54,869.62,131.13,2
2025-01-31,2025-02-04,Rajasthan,Jaisalmer,Suite,Walk-in,0.68,439.49,242.7,2
2025-02-21,2025-02-24,Rajasthan,Jaipur,Suite,Website,0.72,931.2,247.87,2
2025-03-04,2025-03-06,Uttarakhand,Dehradun,Dorm,Walk-in,0.78,639.99,231.1,3
2025-01-18,2025-01-23,Tamil Nadu,Chennai,Dorm,Walk-in,0.81,612.9,233.1,3
2024-11-15,2024-11-18,Karnataka,Mysore,Private,Walk-in,0.53,630.4,50.18,5
2024-11-21,2024-11-22,Goa,Vasco,Suite,Walk-in,0.47,1037.14,97.47,4
2024-12-12,2024-12-13,Uttarakhand,Rishikesh,Suite,Walk-in,0.89,360.01,258.8,2
2024-11-27,2024-12-01,Rajasthan,Jaisalmer,Suite,OTA,0.75,773.24,225.33,3
2024-10-27,2024-10-28,Goa,Vasco,Private,Walk-in,0.59,354.63,189.5,4
2025-02-05,2025-02-06,Rajasthan,Jaisalmer,Private,Website,0.93,1150.14,290.15,1
2025-03-07,2025-03-12,Goa,Panaji,Suite,Walk-in,0.72,673.67,76.38,5
2025-01-29,2025-02-03,Karnataka,Bangalore,Private,Walk-in,0.88,603.76,89.54,5
2024-10-27,2024-10-31,Uttarakhand,Dehradun,Suite,OTA,0.71,1043.54,130.86,2
2025-03-10,2025-03-14,Himachal Pradesh,Shimla,Private,OTA,1.0,300.18,58.67,3
2024-12-15,2024-12-17,Himachal Pradesh,Manali,Private,Website,0.96,994.37,285.84,3
2024-10-27,2024-10-31,Maharashtra,Mumbai,Private,Website,0.66,424.57,141.77,5
2024-10-25,2024-10-28,Goa,Panaji,Private,Website,0.85,739.45,274.76,5
2025-02-06,2025-02-07,Kerala,Kochi,Private,OTA,0.8,1091.81,158.58,1
2025-01-16,2025-01-20,Rajasthan,Jaisalmer,Dorm,OTA,0.91,771.95,129.83,5
2025-01-21,2025-01-26,Kerala,Munnar,Suite,Walk-in,0.56,381.07,157.98,4
2025-04-12,2025-04-13,Kerala,Munnar,Private,Walk-in,0.8,691.04,224.47,2
2025-03-30,2025-03-31,Goa,Panaji,Private,OTA,0.86,591.07,281.03,1
2025-01-27,2025-01-30,Uttarakhand,Rishikesh,Dorm,OTA,0.44,854.6,297.54,4
2024-11-15,2024-11-16,Uttarakhand,Rishikesh,Dorm,Walk-in,0.52,349.08,287.24,2
2024-10-27,2024-10-31,Maharashtra,Pune,Private,Website,0.39,598.69,235.0,2
2025-01-22,2025-01-26,Karnataka,Bangalore,Suite,Walk-in,0.66,774.12,113.86,1
2024-10-31,2024-11-04,Rajasthan,Jaipur,Suite,OTA,,896.68,278.22,3
2025-03-30,2025-04-04,Goa,Vasco,Suite,Website,0.93,1113.48,171.17,5
2024-11-21,2024-11-23,Rajasthan,Jaipur,Suite,OTA,0.71,,148.35,2
2024-10-29,2024-11-01,Himachal Pradesh,Manali,Private,Website,0.94,1149.72,287.28,2
2025-02-08,2025-02-12,Kerala,Kochi,Dorm,Walk-in,0.49,437.47,292.63,5
2024-10-29,2024-11-01,Goa,Panaji,Suite,Walk-in,0.44,1108.78,277.39,4
2025-02-24,2025-02-25,Karnataka,Mysore,Suite,Walk-in,0.69,1153.74,79.6,3
2025-04-01,2025-04-04,Kerala,Munnar,Private,Walk-in,0.76,1140.39,273.53,3
2024-11-30,2024-12-05,Himachal Pradesh,Manali,Dorm,Website,0.7,918.64,139.82,4
2025-01-02,2025-01-06,Karnataka,Mysore,Private,Website,,447.41,106.57,4
2024-11-08,2024-11-09,Goa,Panaji,Dorm,OTA,0.69,1080.42,172.49,3
2025-04-16,2025-04-20,Kerala,Munnar,Suite,Walk-in,0.5,814.74,184.04,1
2025-04-06,2025-04-07,Goa,Vasco,Suite,OTA,0.8,764.51,207.66,1
2025-02-03,2025-02-05,Himachal Pradesh,Shimla,Private,OTA,0.75,851.82,63.64,5
2024-12-02,2024-12-07,Maharashtra,Mumbai,Suite,Walk-in,0.56,,153.39,4
2025-02-05,2025-02-08,Tamil Nadu,Chennai,Private,Walk-in,0.62,883.72,227.87,2
2025-02-08,2025-02-13,Uttarakhand,Rishikesh,Suite,OTA,0.54,954.19,293.8,5
2024-10-23,2024-10-25,Uttarakhand,Rishikesh,Dorm,Website,0.69,992.24,62.83,3
2025-02-13,2025-02-15,Maharashtra,Mumbai,Dorm,,0.84,988.86,53.05,4
2024-10-31,2024-11-05,Goa,Panaji,Suite,OTA,0.55,708.36,160.47,5
2025-01-05,2025-01-07,Goa,Panaji,Dorm,Website,0.78,887.95,59.18,1
2025-02-20,2025-02-24,Rajasthan,Jaipur,Dorm,Website,0.62,904.88,202.77,5
2025-02-06,2025-02-07,Uttarakhand,Rishikesh,Private,OTA,0.58,631.71,144.73,1
2025-02-02,2025-02-05,Maharashtra,Nashik,Private,Walk-in,0.68,672.38,102.46,2
2025-01-25,2025-01-30,Maharashtra,Pune,Suite,OTA,0.54,684.35,261.95,3
2024-12-16,2024-12-20,Tamil Nadu,Ooty,Dorm,Walk-in,0.62,,122.62,2
2025-04-15,2025-04-19,Goa,Vasco,Dorm,OTA,0.52,,251.51,2
2024-12-05,2024-12-10,Himachal Pradesh,Shimla,Suite,OTA,0.99,990.33,78.46,3
2024-11-24,2024-11-27,Karnataka,Bangalore,Private,Walk-in,0.71,731.2,168.63,1
2025-02-23,2025-02-27,Uttarakhand,Dehradun,Suite,Website,,1051.6,124.84,3
2025-03-04,2025-03-06,Uttarakhand,Rishikesh,Private,Website,0.73,605.24,143.81,5
2024-12-16,2024-12-17,Himachal Pradesh,Shimla,Private,OTA,0.68,378.12,269.26,3
2024-12-01,2024-12-02,Maharashtra,Pune,Dorm,Website,0.67,699.4,56.23,4
2024-12-06,2024-12-08,Himachal Pradesh,Shimla,Dorm,Walk-in,0.79,909.05,,1
2024-12-31,2025-01-05,Rajasthan,Jaisalmer,Dorm,OTA,0.81,720.19,61.53,5
2024-11-10,2024-11-12,Goa,Vasco,Dorm,OTA,0.62,548.98,129.79,4
2025-02-23,2025-02-28,Maharashtra,Mumbai,Private,Walk-in,0.61,586.64,85.39,3
2025-02-18,2025-02-20,Tamil Nadu,Chennai,Dorm,OTA,0.66,1112.96,62.61,4
2024-12-13,2024-12-16,Tamil Nadu,Ooty,Private,Website,0.35,941.61,217.72,5
2025-01-12,2025-01-16,Maharashtra,Nashik,Dorm,OTA,0.47,579.35,211.1,4
2024-12-16,2024-12-20,Himachal Pradesh,Shimla,Dorm,Walk-in,0.91,1125.54,132.58,3
2025-04-14,2025-04-17,Tamil Nadu,Chennai,Private,Walk-in,0.95,817.21,176.99,4
2025-03-10,2025-03-14,Himachal Pradesh,Shimla,Suite,OTA,0.66,514.72,110.92,2
2025-04-15,2025-04-20,Kerala,Munnar,Private,Walk-in,0.79,924.72,93.27,1
2024-10-30,2024-11-04,Tamil Nadu,Ooty,Dorm,OTA,0.75,458.56,288.97,1
2024-10-17,2024-10-18,Uttarakhand,Dehradun,Dorm,Website,1.0,1035.33,271.82,1
2025-01-12,2025-01-14,Tamil Nadu,Chennai,Suite,OTA,0.87,569.76,248.59,3
2025-02-13,2025-02-14,Maharashtra,Nashik,Suite,Walk-in,0.68,663.78,,3
2025-02-02,2025-02-05,Uttarakhand,Rishikesh,Dorm,Website,0.56,688.54,197.54,3
2024-11-04,2024-11-06,Karnataka,Mysore,Dorm,Walk-in,0.46,646.14,281.12,4
2024-10-30,2024-10-31,Maharashtra,Nashik,Dorm,Walk-in,0.73,1096.4,214.48,2
2025-01-28,2025-02-01,Kerala,Kochi,Suite,,0.59,796.85,162.51,3
2024-11-26,2024-11-30,Goa,Vasco,Suite,Walk-in,0.49,630.27,294.56,5
2025-01-22,2025-01-27,Maharashtra,Mumbai,Private,OTA,0.6,765.25,180.84,5
2024-12-06,2024-12-11,Maharashtra,Nashik,Suite,OTA,0.54,851.74,275.9,5
2024-11-10,2024-11-13,Uttarakhand,Dehradun,Private,OTA,0.95,450.76,223.76,5
2025-04-15,2025-04-20,Tamil Nadu,Chennai,Dorm,Walk-in,0.83,,252.22,5
2024-12-22,2024-12-24,Himachal Pradesh,Shimla,Suite,OTA,0.7,547.7,114.24,1
2025-04-05,2025-04-08,Uttarakhand,Rishikesh,Suite,Website,0.92,736.43,249.84,1
2024-10-29,2024-11-02,Karnataka,Mysore,Private,Website,0.71,894.6,231.5,2
2025-04-04,2025-04-06,Maharashtra,Mumbai,Private,OTA,0.57,728.61,169.07,5
2024-12-02,2024-12-05,Kerala,Kochi,Private,OTA,0.93,910.64,290.44,1
2024-12-26,2024-12-29,Himachal Pradesh,Shimla,Private,Website,0.78,529.81,196.04,4
2024-12-10,2024-12-12,Goa,Vasco,Private,Walk-in,0.54,,52.12,1
2024-11-15,2024-11-18,Goa,Vasco,Dorm,Website,0.67,321.33,72.99,5
2025-01-09,2025-01-14,Maharashtra,Mumbai,Dorm,OTA,0.57,890.76,274.97,5
2025-03-26,2025-03-27,Himachal Pradesh,Shimla,Suite,OTA,0.49,1130.43,119.1,4
2025-01-29,2025-01-30,Maharashtra,Pune,Private,OTA,0.84,599.39,65.01,3
2025-03-01,2025-03-05,Kerala,Kochi,Dorm,Website,0.99,786.57,157.81,5
2024-12-13,2024-12-18,Maharashtra,Mumbai,Suite,OTA,0.49,999.51,54.69,4
2025-02-11,2025-02-14,Himachal Pradesh,Manali,Private,Walk-in,0.78,303.33,226.9,4
2025-03-21,2025-03-23,Maharashtra,Nashik,Dorm,OTA,0.6,1158.74,254.49,4
2025-02-19,2025-02-20,Himachal Pradesh,Shimla,Suite,Walk-in,0.63,381.6,183.66,3
2025-01-26,2025-01-30,Karnataka,Bangalore,Suite,Website,0.61,568.98,147.53,1
2024-10-17,2024-10-18,Goa,Panaji,Dorm,Website,0.57,947.77,198.24,4
2025-02-22,2025-02-23,Tamil Nadu,Chennai,Private,Website,0.71,603.95,230.25,4
2025-03-23,2025-03-24,Karnataka,Bangalore,Dorm,Walk-in,0.58,427.43,213.46,4
2025-01-31,2025-02-01,Rajasthan,Jaipur,Private,Website,0.74,710.57,92.67,5
2024-12-13,2024-12-15,Goa,Panaji,Private,OTA,0.69,1030.37,295.55,4
2025-04-14,2025-04-19,Goa,Panaji,Dorm,OTA,0.66,356.9,118.47,4
2025-02-21,2025-02-22,Rajasthan,Jaipur,Suite,Walk-in,,638.52,89.44,4
2024-11-05,2024-11-09,Himachal Pradesh,Shimla,Suite,Website,0.61,485.54,209.96,5
2025-04-16,2025-04-21,Karnataka,Mysore,Dorm,Walk-in,0.81,,125.3,4
2025-04-04,2025-04-07,Maharashtra,Nashik,Suite,Walk-in,0.78,497.35,242.58,2
2024-11-11,2024-11-13,Tamil Nadu,Ooty,Dorm,Walk-in,0.55,1130.41,63.51,3
2024-12-06,2024-12-07,Tamil Nadu,Chennai,Suite,Website,0.71,1132.38,93.97,1
2024-11-07,2024-11-09,Uttarakhand,Dehradun,Suite,Walk-in,0.81,1108.54,107.52,1
2025-04-06,2025-04-07,Kerala,Kochi,Private,Walk-in,0.45,735.97,272.62,2
2024-11-05,2024-11-08,Tamil Nadu,Chennai,Private,Website,0.78,602.3,58.02,5
2025-03-09,2025-03-11,Karnataka,Mysore,Private,Walk-in,0.6,441.11,248.64,5
2025-01-31,2025-02-02,Kerala,Munnar,Suite,OTA,0.79,1053.29,119.79,4
2024-11-15,2024-11-19,Karnataka,Bangalore,Dorm,Website,0.59,1192.15,233.37,5
2024-12-07,2024-12-11,Maharashtra,Pune,Dorm,Website,0.43,802.64,53.11,4
2024-12-09,2024-12-13,Maharashtra,Mumbai,Suite,OTA,0.46,445.62,164.82,5
2025-02-10,2025-02-13,Kerala,Kochi,Suite,OTA,0.71,933.51,50.34,1
2024-11-25,2024-11-26,Himachal Pradesh,Manali,Suite,OTA,0.74,962.18,63.7,3
2025-03-04,2025-03-06,Uttarakhand,Dehradun,Suite,Walk-in,0.56,934.39,190.19,2
2024-12-21,2024-12-24,Goa,Panaji,Private,OTA,0.8,753.21,155.73,1
2024-11-24,2024-11-29,Maharashtra,Pune,Suite,Walk-in,0.45,1109.51,162.99,3
2025-02-26,2025-03-02,Maharashtra,Mumbai,Dorm,Website,0.69,651.61,94.7,1
2025-02-16,2025-02-19,Goa,Panaji,Private,Walk-in,0.52,787.29,83.01,3
2025-03-30,2025-04-04,Rajasthan,Jaipur,Suite,OTA,0.6,670.52,135.7,3
2024-12-06,2024-12-11,Tamil Nadu,Ooty,Dorm,OTA,0.71,454.56,115.0,4
2025-01-22,2025-01-24,Himachal Pradesh,Shimla,Suite,Website,0.57,940.63,121.31,2
2025-01-18,2025-01-19,Goa,Panaji,Private,Walk-in,0.64,413.83,115.1,2
2024-12-03,2024-12-07,Karnataka,Mysore,Suite,Website,0.85,780.28,80.37,1
2025-04-09,2025-04-10,Uttarakhand,Rishikesh,Suite,Walk-in,0.61,1178.04,132.82,3
2025-04-10,2025-04-13,Karnataka,Mysore,Suite,Website,0.83,958.48,275.04,2
2025-03-29,2025-04-01,Goa,Vasco,Dorm,OTA,0.53,349.53,210.33,5
2024-10-25,2024-10-29,Maharashtra,Nashik,Suite,Walk-in,0.78,1161.86,293.96,4
2024-11-02,2024-11-04,Uttarakhand,Dehradun,Suite,OTA,0.92,632.67,143.21,3
2025-02-16,2025-02-20,Goa,Vasco,Private,OTA,0.33,447.41,232.0,4
2025-01-06,2025-01-09,Karnataka,Bangalore,Private,Walk-in,0.58,1187.97,66.53,5
2025-03-26,2025-03-31,Kerala,Kochi,Private,Walk-in,0.79,811.12,278.72,2
2024-12-08,2024-12-12,Himachal Pradesh,Shimla,Suite,Walk-in,0.67,717.11,56.71,1
2024-10-24,2024-10-27,Maharashtra,Nashik,Private,Website,0.76,,221.96,2
2024-10-16,2024-10-21,Uttarakhand,Dehradun,Private,OTA,0.61,865.2,169.01,1
2024-12-19,2024-12-22,Rajasthan,Jaipur,Private,Walk-in,0.71,421.95,90.83,3
2025-03-14,2025-03-19,Himachal Pradesh,Manali,Dorm,Walk-in,0.68,464.92,73.63,2
2024-11-10,2024-11-13,Himachal Pradesh,Shimla,Dorm,Walk-in,0.88,822.04,255.83,1
2025-02-16,2025-02-18,Karnataka,Bangalore,Dorm,Walk-in,0.74,499.0,97.1,5
2024-12-05,2024-12-09,Maharashtra,Pune,Dorm,Website,0.75,1036.96,280.85,4
2024-11-16,2024-11-19,Uttarakhand,Rishikesh,Dorm,Walk-in,0.64,1033.12,105.59,2
2025-03-08,2025-03-09,Kerala,Kochi,Dorm,OTA,0.63,981.6,60.63,1
2025-01-09,2025-01-10,Himachal Pradesh,Manali,Private,Walk-in,0.64,309.25,74.13,1
2025-01-31,2025-02-01,Uttarakhand,Rishikesh,Dorm,Walk-in,0.76,1147.66,287.2,3
2025-03-02,2025-03-07,Maharashtra,Mumbai,Dorm,,0.64,495.3,97.89,3
2025-01-07,2025-01-10,Goa,Vasco,Suite,Walk-in,0.74,466.61,218.38,1
2025-02-01,2025-02-02,Goa,Vasco,Private,Website,1.0,719.31,179.93,4
2024-10-17,2024-10-18,Uttarakhand,Dehradun,Private,OTA,0.83,711.25,234.04,4
2024-11-06,2024-11-09,Maharashtra,Pune,Dorm,Website,0.65,1198.85,172.91,1
2024-10-30,2024-11-04,Kerala,Munnar,Dorm,Walk-in,0.88,1132.76,294.46,1
2025-04-05,2025-04-07,Kerala,Kochi,Private,Walk-in,0.64,749.2,241.2,5
2025-02-27,2025-03-04,Uttarakhand,Dehradun,Private,OTA,0.39,760.27,86.84,4
2025-04-09,2025-04-10,Karnataka,Bangalore,Suite,Website,0.55,1047.28,174.53,1
2024-11-13,2024-11-18,Maharashtra,Mumbai,Private,OTA,0.42,481.74,215.52,4
2025-01-29,2025-02-02,Rajasthan,Jaipur,Dorm,OTA,0.65,705.1,263.22,4
2024-10-22,2024-10-26,Himachal Pradesh,Manali,Private,Website,0.7,581.21,147.27,1
2025-03-27,2025-04-01,Tamil Nadu,Ooty,Dorm,Walk-in,0.95,350.16,115.85,5
2024-12-26,2024-12-27,Uttarakhand,Rishikesh,Suite,Website,0.75,,141.6,5
2025-02-06,2025-02-10,Uttarakhand,Dehradun,Private,Website,0.67,895.12,111.9,3
2025-01-31,2025-02-01,Uttarakhand,Rishikesh,Suite,OTA,0.82,333.64,214.44,4
2024-11-13,2024-11-17,Rajasthan,Udaipur,Suite,OTA,0.37,590.18,74.43,4
2025-01-07,2025-01-12,Uttarakhand,Rishikesh,Private,OTA,0.74,1172.48,100.44,1
2024-11-09,2024-11-14,Kerala,Kochi,Suite,Website,0.82,945.94,194.55,5
2024-10-24,2024-10-25,Goa,Vasco,Suite,OTA,0.48,754.18,124.98,5
2024-12-14,2024-12-19,Karnataka,Bangalore,Dorm,Walk-in,0.87,749.28,215.2,4
2024-12-25,2024-12-30,Kerala,Kochi,Dorm,OTA,0.75,716.24,110.09,3
2025-04-08,2025-04-11,Goa,Vasco,Private,Walk-in,0.64,444.53,221.71,2
2025-04-15,2025-04-19,Himachal Pradesh,Shimla,Suite,OTA,0.79,679.82,276.41,2
2025-03-19,2025-03-23,Karnataka,Bangalore,Dorm,Website,1.0,1073.63,70.98,5
2025-04-01,2025-04-03,Maharashtra,Pune,Dorm,Website,0.73,813.88,175.06,1
2024-10-23,2024-10-24,Himachal Pradesh,Shimla,Dorm,Walk-in,0.74,410.05,251.67,3
2025-04-08,2025-04-10,Kerala,Kochi,Dorm,Website,0.63,492.7,118.64,4
2024-12-24,2024-12-29,Maharashtra,Pune,Private,OTA,0.57,914.46,290.83,2
2024-11-25,2024-11-26,Rajasthan,Jaisalmer,Suite,Walk-in,0.82,515.71,188.18,3
2025-02-25,2025-03-01,Goa,Vasco,Dorm,OTA,0.57,1134.76,279.48,3
2024-12-03,2024-12-06,Karnataka,Mysore,Suite,OTA,0.71,1010.39,118.51,1
2025-02-22,2025-02-23,Uttarakhand,Dehradun,Dorm,Walk-in,0.63,534.87,66.59,4
2024-11-04,2024-11-06,Rajasthan,Jaipur,Suite,OTA,0.77,1011.92,84.02,4
2024-12-23,2024-12-28,Goa,Panaji,Suite,OTA,0.75,1013.38,129.85,4
2025-03-16,2025-03-18,Uttarakhand,Dehradun,Dorm,OTA,0.86,630.84,148.37,4
2025-02-01,2025-02-05,Goa,Panaji,Dorm,OTA,0.62,931.14,92.19,4
2025-04-05,2025-04-06,Karnataka,Bangalore,Suite,Walk-in,0.66,691.64,280.0,4
2025-04-03,2025-04-07,Himachal Pradesh,Shimla,Private,Website,0.55,688.18,101.65,2
2025-01-02,2025-01-03,Kerala,Kochi,Private,OTA,0.63,511.94,162.74,2
2025-02-13,2025-02-17,Karnataka,Mysore,Suite,Website,0.76,942.0,227.11,5
2025-03-10,2025-03-13,Goa,Vasco,Suite,Walk-in,0.81,,199.56,1
2024-11-15,2024-11-20,Uttarakhand,Rishikesh,Dorm,Walk-in,0.56,461.44,92.47,4
2025-04-13,2025-04-16,Kerala,Kochi,Dorm,OTA,0.83,339.75,81.97,3
2025-04-14,2025-04-18,Himachal Pradesh,Shimla,Dorm,OTA,0.9,963.18,172.82,2
2024-11-30,2024-12-01,Goa,Panaji,Dorm,Website,0.76,332.28,115.06,4
2025-04-01,2025-04-05,Uttarakhand,Dehradun,Private,Website,0.98,1061.25,266.72,1
2024-11-16,2024-11-21,Himachal Pradesh,Manali,Dorm,Walk-in,0.58,990.16,95.14,1
2025-03-20,2025-03-24,Himachal Pradesh,Manali,Private,Walk-in,0.51,1136.23,76.52,3
2025-03-22,2025-03-27,Tamil Nadu,Ooty,Suite,Website,0.43,596.48,60.96,5
2024-11-19,2024-11-20,Karnataka,Bangalore,Suite,OTA,0.92,590.85,63.88,1
2025-04-05,2025-04-06,Goa,Vasco,Dorm,Website,0.8,446.65,244.87,3
2025-01-04,2025-01-09,Kerala,Munnar,Dorm,OTA,0.69,898.97,258.01,5
2024-10-20,2024-10-24,Kerala,Kochi,Private,Walk-in,0.74,467.72,207.67,1
2024-11-19,2024-11-24,Karnataka,Mysore,Suite,Walk-in,0.53,772.21,122.68,4
2025-03-08,2025-03-13,Himachal Pradesh,Manali,Private,OTA,1.0,811.68,187.75,1
2025-04-13,2025-04-16,Himachal Pradesh,Shimla,Suite,Website,0.72,991.78,54.07,4
2024-12-19,2024-12-24,Himachal Pradesh,Shimla,Suite,OTA,0.72,981.62,162.49,3
2025-03-16,2025-03-21,Maharashtra,Nashik,Private,Walk-in,,395.7,183.59,1
2025-04-14,2025-04-17,Kerala,Munnar,Suite,Walk-in,0.77,624.66,218.45,4
2025-01-03,2025-01-05,Rajasthan,Jaisalmer,Dorm,Website,0.73,733.01,86.29,2
2025-03-20,2025-03-22,Himachal Pradesh,Shimla,Private,OTA,0.58,319.64,91.53,2
2025-02-23,2025-02-25,Tamil Nadu,Chennai,Private,Walk-in,0.77,,147.93,3
2025-04-01,2025-04-02,Tamil Nadu,Ooty,Private,OTA,0.98,737.49,197.76,5
2025-03-07,2025-03-08,Rajasthan,Jaisalmer,Private,Walk-in,0.9,584.27,65.88,4
2025-03-22,2025-03-23,Tamil Nadu,Ooty,Dorm,OTA,0.94,953.59,167.31,4
2024-12-03,2024-12-06,Tamil Nadu,Chennai,Suite,Walk-in,0.62,651.33,154.22,3
2024-12-06,2024-12-10,Himachal Pradesh,Manali,Dorm,Website,0.55,479.54,201.44,1
2024-11-15,2024-11-18,Rajasthan,Jaipur,Private,OTA,0.68,909.24,93.68,5
2025-03-17,2025-03-19,Maharashtra,Nashik,Private,OTA,0.71,1194.3,246.22,1
2025-03-01,2025-03-02,Maharashtra,Nashik,Private,OTA,0.86,1166.38,238.94,1
2024-11-05,2024-11-06,Rajasthan,Jaisalmer,Dorm,Walk-in,0.45,406.25,101.35,3
2024-12-29,2025-01-01,Maharashtra,Mumbai,Private,Website,,410.69,100.47,4
2025-04-03,2025-04-04,Himachal Pradesh,Manali,Private,OTA,0.68,943.68,153.75,2
2024-10-23,2024-10-27,Kerala,Munnar,Private,Walk-in,0.64,1015.15,140.44,1
2025-03-31,2025-04-03,Maharashtra,Mumbai,Private,OTA,0.55,1183.75,91.08,1
2025-01-15,2025-01-20,Rajasthan,Jaisalmer,Private,OTA,0.45,661.8,220.22,5
2024-11-28,2024-12-02,Himachal Pradesh,Manali,Private,Walk-in,0.82,484.62,186.11,5
2024-11-23,2024-11-26,Kerala,Kochi,Dorm,Website,0.71,783.69,147.5,2
2025-03-23,2025-03-25,Himachal Pradesh,Shimla,Dorm,Website,0.51,1101.29,184.98,3
2025-04-12,2025-04-13,Maharashtra,Nashik,Private,OTA,0.51,864.29,138.62,1
2025-01-13,2025-01-16,Rajasthan,Udaipur,Dorm,Walk-in,0.65,1190.1,191.4,5
2024-12-22,2024-12-27,Karnataka,Mysore,Suite,Website,0.95,394.7,179.11,2
2024-12-14,2024-12-15,Kerala,Kochi,Dorm,OTA,0.66,1099.66,169.06,4
2025-03-24,2025-03-29,Kerala,Munnar,Private,Walk-in,0.47,681.08,160.02,4
2025-03-19,2025-03-21,Tamil Nadu,Ooty,Suite,Walk-in,0.66,1076.94,79.51,2
2025-04-03,2025-04-07,Maharashtra,Nashik,Dorm,Website,0.66,632.63,122.4,5
2024-11-29,2024-12-01,Tamil Nadu,Chennai,Dorm,Walk-in,0.3,679.58,284.21,3
2024-11-28,2024-12-01,Maharashtra,Nashik,Dorm,Website,0.69,675.82,193.26,5
2024-10-20,2024-10-25,Karnataka,Bangalore,Suite,OTA,0.67,985.51,216.81,2
2025-02-21,2025-02-23,Kerala,Munnar,Private,OTA,0.8,786.9,289.52,4
2024-11-22,2024-11-27,Himachal Pradesh,Manali,Dorm,Website,0.98,1159.65,185.46,1
2025-01-01,2025-01-06,Rajasthan,Jaipur,Dorm,Website,0.87,547.47,101.45,5
2024-12-18,2024-12-19,Rajasthan,Udaipur,Private,OTA,0.66,462.46,56.01,5
2024-12-09,2024-12-11,Karnataka,Mysore,Dorm,OTA,0.53,991.47,88.56,4
2025-04-01,2025-04-05,Rajasthan,Udaipur,Dorm,OTA,1.0,428.21,273.25,3
2024-10-29,2024-11-03,Goa,Vasco,Suite,OTA,0.71,1154.42,117.32,3
2025-03-15,2025-03-18,Goa,Panaji,Suite,Walk-in,0.7,907.59,111.58,5
2024-12-09,2024-12-12,Goa,Panaji,Suite,Website,0.7,1003.82,184.38,4
2024-12-23,2024-12-24,Himachal Pradesh,Manali,Dorm,OTA,0.73,545.97,112.72,4
2025-02-17,2025-02-19,Himachal Pradesh,Manali,Suite,Walk-in,0.68,806.77,125.16,4
2025-01-22,2025-01-27,Kerala,Kochi,Suite,OTA,0.61,1095.54,286.35,3
2025-01-01,2025-01-03,Uttarakhand,Dehradun,Private,Walk-in,,595.61,278.5,2
2025-02-24,2025-03-01,Karnataka,Mysore,Suite,Walk-in,0.7,740.08,148.2,1
2025-03-28,2025-03-31,Tamil Nadu,Chennai,Private,Walk-in,0.62,622.17,,1
2025-01-28,2025-01-31,Rajasthan,Udaipur,Dorm,Website,0.59,1034.65,206.31,2
2024-12-19,2024-12-21,Goa,Panaji,Suite,OTA,0.72,399.85,119.34,5
2025-04-16,2025-04-21,Karnataka,Bangalore,Dorm,Walk-in,0.66,358.54,114.91,5
2024-10-21,2024-10-26,Rajasthan,Jaisalmer,Suite,OTA,0.93,912.61,270.78,1
2024-11-07,2024-11-11,Uttarakhand,Dehradun,Private,Website,0.3,912.16,166.65,3
2025-04-04,2025-04-07,Kerala,Munnar,Dorm,OTA,0.86,475.15,70.45,5
2024-12-05,2024-12-07,Maharashtra,Mumbai,Dorm,OTA,0.89,,206.5,1
2024-11-19,2024-11-21,Uttarakhand,Dehradun,Dorm,OTA,0.39,514.52,135.2,1
2025-02-05,2025-02-09,Tamil Nadu,Chennai,Suite,Website,0.65,376.98,65.17,1
2024-12-06,2024-12-07,Rajasthan,Udaipur,Private,Walk-in,0.64,863.57,66.45,1
2024-10-23,2024-10-28,Kerala,Kochi,Suite,Walk-in,0.49,309.55,145.98,4
2024-11-06,2024-11-11,Rajasthan,Udaipur,Private,Walk-in,0.58,473.23,75.67,5
2025-02-08,2025-02-11,Karnataka,Mysore,Private,OTA,0.53,952.16,161.16,2
2025-01-08,2025-01-13,Uttarakhand,Dehradun,Suite,Website,0.96,432.67,127.17,3
2024-12-22,2024-12-24,Karnataka,Bangalore,Suite,Walk-in,0.84,1072.83,155.52,2
2025-03-06,2025-03-10,Goa,Vasco,Suite,Walk-in,0.89,598.03,194.6,3
2025-03-17,2025-03-19,Rajasthan,Udaipur,Dorm,Walk-in,0.81,500.72,107.57,5
2024-12-15,2024-12-19,Kerala,Kochi,Dorm,Website,0.53,626.54,68.43,1
2025-01-08,2025-01-09,Uttarakhand,Rishikesh,Dorm,Website,0.62,555.69,104.74,3
2025-02-10,2025-02-13,Rajasthan,Jaipur,Dorm,Website,0.77,1048.3,84.31,1
2025-01-23,2025-01-28,Uttarakhand,Rishikesh,Suite,OTA,0.52,1090.55,66.34,2
2024-11-07,2024-11-12,Uttarakhand,Dehradun,Private,Walk-in,0.81,520.09,61.55,5
2024-12-29,2025-01-01,Goa,Panaji,Dorm,Walk-in,0.66,1171.55,271.46,2
2025-04-08,2025-04-13,Karnataka,Mysore,Private,OTA,0.64,767.0,94.75,3
2025-02-04,2025-02-06,Kerala,Kochi,Dorm,Website,0.81,706.87,108.6,2
2024-11-21,2024-11-26,Uttarakhand,Dehradun,Dorm,Website,0.77,976.46,123.76,5
2024-12-04,2024-12-08,Kerala,Munnar,Private,OTA,0.65,630.76,174.39,3
2024-10-24,2024-10-27,Uttarakhand,Rishikesh,Suite,Walk-in,0.87,791.99,69.54,3
2025-03-02,2025-03-04,Goa,Vasco,Suite,OTA,0.54,525.02,236.3,3
2025-01-08,2025-01-11,Himachal Pradesh,Manali,Private,OTA,0.79,1004.82,150.95,4
2024-10-16,2024-10-18,Karnataka,Mysore,Dorm,Walk-in,0.79,974.22,168.61,5
2025-01-24,2025-01-27,Uttarakhand,Rishikesh,Dorm,OTA,0.65,993.12,224.49,2
2025-04-13,2025-04-14,Karnataka,Mysore,Private,Walk-in,0.75,1050.87,134.96,4
2025-03-21,2025-03-26,Himachal Pradesh,Shimla,Dorm,Walk-in,0.51,1006.82,280.54,2
2025-01-28,2025-01-30,Kerala,Munnar,Private,Website,0.84,781.04,97.08,1
2025-02-26,2025-03-03,Karnataka,Bangalore,Dorm,Website,0.67,1043.83,200.84,1
2025-03-04,2025-03-09,Goa,Vasco,Dorm,OTA,0.62,351.71,179.63,2
2025-04-16,2025-04-20,Karnataka,Mysore,Suite,Website,0.86,650.09,275.9,2
2025-03-09,2025-03-14,Tamil Nadu,Chennai,Suite,OTA,,828.74,175.62,4
2025-03-08,2025-03-13,Kerala,Kochi,Private,Walk-in,0.49,1091.32,165.05,5
2025-02-23,2025-02-27,Uttarakhand,Dehradun,Suite,Website,0.47,673.55,94.89,5
2024-11-23,2024-11-24,Maharashtra,Pune,Dorm,Website,0.79,546.4,207.02,3
2024-12-25,2024-12-30,Tamil Nadu,Ooty,Dorm,OTA,0.51,368.88,76.31,3
2025-01-07,2025-01-11,Rajasthan,Jaipur,Private,OTA,0.96,971.36,263.94,4
2024-10-29,2024-11-02,Tamil Nadu,Ooty,Dorm,Website,0.39,793.59,110.57,4
2025-02-21,2025-02-22,Rajasthan,Jaisalmer,Dorm,OTA,0.95,411.74,235.36,2
2025-04-12,2025-04-14,Uttarakhand,Rishikesh,Suite,Website,0.73,1103.42,183.07,4
2024-12-19,2024-12-22,Maharashtra,Pune,Private,Website,0.69,838.38,62.17,4
2025-02-14,2025-02-18,Maharashtra,Mumbai,Dorm,Website,0.62,603.4,98.04,1
2024-12-15,2024-12-16,Karnataka,Bangalore,Private,Walk-in,0.76,396.92,131.79,5
2025-02-21,2025-02-23,Kerala,Kochi,Dorm,Website,,620.92,93.41,4
2025-03-29,2025-03-30,Himachal Pradesh,Shimla,Dorm,Website,0.87,669.99,241.89,4
2024-11-09,2024-11-10,Karnataka,Mysore,Suite,OTA,0.72,1183.27,224.08,2
2025-03-04,2025-03-07,Tamil Nadu,Chennai,Dorm,Walk-in,0.72,1120.89,162.23,5
2025-04-08,2025-04-13,Goa,Panaji,Dorm,OTA,0.65,512.76,157.12,2
2024-12-13,2024-12-15,Karnataka,Mysore,Suite,Website,0.69,514.26,231.33,4
2025-01-22,2025-01-26,Rajasthan,Jaisalmer,Suite,OTA,0.75,975.5,107.25,3
2024-12-15,2024-12-20,Goa,Panaji,Private,Walk-in,0.44,589.47,160.59,1
2025-02-22,2025-02-24,Karnataka,Bangalore,Dorm,Website,0.5,833.37,257.81,2
2025-01-03,2025-01-07,Goa,Panaji,Dorm,Walk-in,0.81,524.07,121.34,4
2024-12-18,2024-12-22,Uttarakhand,Dehradun,Dorm,OTA,0.73,697.24,176.32,4
2025-01-02,2025-01-03,Kerala,Munnar,Private,Walk-in,0.67,783.48,188.21,2
2025-02-28,2025-03-03,Tamil Nadu,Chennai,Dorm,Walk-in,0.7,,88.68,2
2024-12-12,2024-12-16,Kerala,Munnar,Suite,OTA,0.75,645.63,126.95,5
2025-01-31,2025-02-04,Karnataka,Bangalore,Private,Walk-in,0.62,613.72,227.28,3
2024-11-09,2024-11-10,Goa,Vasco,Private,Walk-in,0.58,935.9,57.06,2
2024-11-22,2024-11-23,Karnataka,Bangalore,Dorm,Walk-in,0.73,940.45,146.09,5
2025-01-05,2025-01-08,Karnataka,Mysore,Suite,OTA,0.55,750.58,183.3,4
2025-02-22,2025-02-27,Maharashtra,Mumbai,Private,Website,,542.12,102.38,4
2025-04-16,2025-04-20,Maharashtra,Mumbai,Suite,OTA,0.44,889.07,233.26,2
2024-12-28,2025-01-02,Maharashtra,Pune,Dorm,Website,0.85,480.85,237.48,2
2025-02-24,2025-02-26,Maharashtra,Nashik,Dorm,OTA,0.77,377.14,81.17,1
2025-03-10,2025-03-11,Maharashtra,Mumbai,Private,,0.74,898.79,247.3,1
2025-04-09,2025-04-13,Himachal Pradesh,Shimla,Private,Walk-in,0.85,686.51,142.7,3
2024-11-18,2024-11-21,Kerala,Kochi,Private,Website,0.95,302.78,267.64,4
2025-02-12,2025-02-15,Himachal Pradesh,Manali,Private,Walk-in,0.85,917.57,267.46,5
2025-02-03,2025-02-06,Uttarakhand,Rishikesh,Dorm,Walk-in,0.42,592.97,161.08,5
2024-12-13,2024-12-17,Tamil Nadu,Chennai,Private,Walk-in,0.51,475.57,85.79,5
2025-01-02,2025-01-05,Tamil Nadu,Chennai,Suite,Walk-in,0.61,1188.5,166.7,4
2025-01-30,2025-01-31,Karnataka,Bangalore,Private,Walk-in,0.7,326.3,282.25,3
2025-03-26,2025-03-28,Tamil Nadu,Chennai,Suite,Walk-in,0.78,952.87,72.61,3
2024-10-16,2024-10-20,Uttarakhand,Dehradun,Suite,Walk-in,0.59,1006.57,291.56,4
2024-12-14,2024-12-19,Maharashtra,Pune,Dorm,Walk-in,0.73,1147.81,,2
2024-12-10,2024-12-15,Rajasthan,Jaisalmer,Dorm,OTA,0.59,1181.86,129.91,3
2024-11-25,2024-11-29,Goa,Panaji,Dorm,Walk-in,0.61,1067.13,128.98,3
2025-01-07,2025-01-12,Karnataka,Bangalore,Private,OTA,0.49,752.14,222.15,3
2025-03-17,2025-03-21,Tamil Nadu,Ooty,Dorm,OTA,0.56,437.43,229.19,2
2025-02-05,2025-02-08,Tamil Nadu,Ooty,Suite,Website,0.5,1191.96,186.99,3
2025-02-10,2025-02-13,Maharashtra,Nashik,Private,Walk-in,0.55,1130.76,225.28,5
2025-02-20,2025-02-23,Rajasthan,Jaisalmer,Private,Walk-in,0.86,447.33,84.39,4
2024-12-17,2024-12-22,Rajasthan,Udaipur,Dorm,Walk-in,0.56,1006.95,264.61,4
2025-01-14,2025-01-18,Maharashtra,Pune,Dorm,Website,1.0,405.61,178.86,3
2025-01-09,2025-01-11,Rajasthan,Jaipur,Private,OTA,0.77,572.42,199.04,2
2025-01-09,2025-01-13,Maharashtra,Pune,Private,Walk-in,0.73,887.88,141.83,1
2025-02-24,2025-03-01,Goa,Panaji,Suite,Walk-in,0.57,731.55,223.43,1
2024-11-26,2024-12-01,Kerala,Munnar,Dorm,Website,0.81,592.71,228.44,5
2025-01-23,2025-01-28,Tamil Nadu,Chennai,Suite,Walk-in,0.61,942.37,247.52,1
2025-01-15,2025-01-20,Karnataka,Bangalore,Private,OTA,0.72,410.74,82.2,2
2025-03-19,2025-03-24,Maharashtra,Mumbai,Private,OTA,1.0,1169.65,92.9,1
2025-04-08,2025-04-10,Himachal Pradesh,Shimla,Suite,OTA,0.69,925.59,180.67,3
2025-03-19,2025-03-20,Rajasthan,Jaipur,Dorm,Website,0.87,569.74,258.16,2
2025-03-07,2025-03-12,Kerala,Kochi,Private,OTA,0.59,643.6,275.91,4
2024-11-17,2024-11-18,Karnataka,Bangalore,Suite,Walk-in,0.69,542.46,208.28,2
2025-02-20,2025-02-22,Karnataka,Mysore,Private,OTA,0.97,641.05,291.0,2
2024-11-01,2024-11-02,Maharashtra,Pune,Private,OTA,0.61,1000.26,86.58,2
2024-12-10,2024-12-12,Maharashtra,Mumbai,Suite,Walk-in,0.97,1087.96,197.21,4
2025-01-24,2025-01-25,Himachal Pradesh,Manali,Dorm,OTA,0.81,1151.86,147.39,3
2025-02-21,2025-02-26,Kerala,Munnar,Dorm,OTA,0.62,308.55,178.39,2
2025-02-15,2025-02-20,Uttarakhand,Rishikesh,Private,Walk-in,0.79,712.01,159.74,3
2025-02-13,2025-02-14,Goa,Vasco,Private,OTA,0.85,993.52,261.31,1
2024-12-20,2024-12-23,Maharashtra,Nashik,Suite,OTA,0.79,1027.51,52.67,4
2024-11-03,2024-11-04,Maharashtra,Pune,Suite,Website,0.46,1119.8,236.48,4
2025-03-23,2025-03-27,Rajasthan,Jaisalmer,Dorm,Walk-in,0.59,1137.17,240.93,2
2025-03-10,2025-03-14,Rajasthan,Udaipur,Private,Website,0.66,635.96,78.31,2
2024-11-30,2024-12-03,Tamil Nadu,Ooty,Dorm,Website,0.69,964.22,192.21,2
2025-02-23,2025-02-28,Rajasthan,Udaipur,Private,Website,0.79,620.17,203.88,3
2024-12-15,2024-12-16,Kerala,Munnar,Dorm,OTA,0.73,742.84,,5
2024-11-28,2024-12-02,Himachal Pradesh,Manali,Private,OTA,0.5,569.36,157.09,2
2025-03-21,2025-03-23,Tamil Nadu,Chennai,Private,Walk-in,0.76,690.56,139.81,2
2024-11-23,2024-11-25,Uttarakhand,Rishikesh,Suite,Website,0.79,1153.54,289.92,3
2024-11-13,2024-11-17,Karnataka,Mysore,Suite,Walk-in,0.78,1131.21,260.77,4
2024-10-20,2024-10-22,Uttarakhand,Rishikesh,Dorm,Walk-in,0.86,1046.85,157.42,5
2024-10-24,2024-10-29,Kerala,Kochi,Dorm,Walk-in,0.83,760.12,112.37,1
2024-12-02,2024-12-03,Goa,Vasco,Suite,Walk-in,0.77,752.1,95.3,5
2025-01-16,2025-01-18,Himachal Pradesh,Manali,Private,Website,0.69,854.82,72.73,1
2025-02-11,2025-02-15,Goa,Vasco,Private,Website,0.45,758.88,210.97,3
2025-03-30,2025-03-31,Goa,Vasco,Dorm,Website,0.76,300.48,215.11,3
2025-03-14,2025-03-18,Karnataka,Mysore,Private,OTA,0.73,573.92,74.22,1
2024-10-30,2024-11-01,Uttarakhand,Dehradun,Suite,OTA,0.74,489.03,146.01,1
2025-01-12,2025-01-16,Goa,Panaji,Dorm,Website,0.51,1147.64,204.75,3
2025-01-04,2025-01-06,Rajasthan,Jaipur,Private,Walk-in,0.54,940.44,272.9,5
2025-04-06,2025-04-10,Kerala,Kochi,Private,Walk-in,0.86,1138.2,175.97,1
2025-02-15,2025-02-17,Rajasthan,Jaisalmer,Suite,OTA,0.69,745.52,183.12,5
2025-02-04,2025-02-09,Kerala,Munnar,Private,Website,,465.66,90.0,2
2024-11-22,2024-11-24,Himachal Pradesh,Shimla,Private,Walk-in,0.7,541.66,79.78,2
2025-03-04,2025-03-07,Himachal Pradesh,Manali,Dorm,Walk-in,,1182.02,297.38,2
2025-02-28,2025-03-01,Uttarakhand,Dehradun,Suite,Walk-in,0.84,537.63,83.4,5
2024-12-29,2025-01-01,Uttarakhand,Rishikesh,Dorm,OTA,0.62,1174.44,184.35,5
2025-01-19,2025-01-21,Goa,Vasco,Private,OTA,0.71,483.53,207.45,4
2025-01-01,2025-01-05,Tamil Nadu,Chennai,Dorm,OTA,0.63,466.53,265.59,2
2024-12-02,2024-12-04,Himachal Pradesh,Manali,Private,Walk-in,0.63,847.04,67.36,1
2024-11-13,2024-11-18,Karnataka,Bangalore,Dorm,OTA,0.65,645.59,77.51,1
2025-02-20,2025-02-22,Maharashtra,Pune,Suite,Walk-in,0.73,312.15,291.59,1
2025-02-26,2025-03-03,Karnataka,Mysore,Private,Website,0.63,576.65,169.73,2
2024-10-17,2024-10-22,Rajasthan,Jaipur,Private,Website,0.89,,259.12,2
2025-04-07,2025-04-09,Uttarakhand,Dehradun,Suite,OTA,0.57,918.09,228.71,1
2025-03-10,2025-03-11,Himachal Pradesh,Shimla,Suite,OTA,0.67,406.52,280.83,1
2025-04-01,2025-04-03,Karnataka,Mysore,Suite,Walk-in,0.63,571.41,254.39,3
2025-03-14,2025-03-15,Himachal Pradesh,Manali,Dorm,Walk-in,0.92,431.93,86.95,4
2025-04-05,2025-04-07,Kerala,Munnar,Dorm,OTA,0.73,1195.29,95.47,4
2024-11-05,2024-11-07,Uttarakhand,Rishikesh,Private,OTA,0.85,794.41,184.69,4
2025-03-16,2025-03-17,Kerala,Kochi,Dorm,OTA,0.48,302.58,298.48,1
2025-01-06,2025-01-08,Uttarakhand,Dehradun,Private,OTA,0.74,429.73,263.33,4
2024-11-27,2024-11-28,Karnataka,Mysore,Suite,OTA,0.83,634.52,225.35,5
2024-11-19,2024-11-20,Uttarakhand,Rishikesh,Dorm,Website,0.71,311.23,257.77,4
2025-03-21,2025-03-25,Himachal Pradesh,Shimla,Suite,OTA,0.86,699.58,211.21,1
2025-02-28,2025-03-01,Karnataka,Bangalore,Private,OTA,0.62,911.91,268.99,5
2025-01-24,2025-01-26,Goa,Vasco,Private,Website,0.91,769.35,294.48,2
2025-01-14,2025-01-18,Maharashtra,Nashik,Private,OTA,1.0,887.43,151.27,4
2024-10-25,2024-10-26,Maharashtra,Mumbai,Private,Walk-in,0.65,1000.92,133.87,2
2025-02-01,2025-02-06,Himachal Pradesh,Manali,Dorm,Walk-in,0.63,1136.28,110.08,1
2024-12-03,2024-12-06,Rajasthan,Jaipur,Dorm,OTA,0.92,307.63,139.16,3
2025-04-12,2025-04-13,Uttarakhand,Rishikesh,Private,OTA,0.94,1106.86,175.89,5
2025-03-29,2025-03-31,Rajasthan,Udaipur,Dorm,Walk-in,0.62,716.8,271.3,1
2024-11-08,2024-11-13,Karnataka,Bangalore,Suite,Walk-in,0.64,847.87,180.82,3
2025-01-12,2025-01-16,Kerala,Kochi,Dorm,Website,0.66,1197.31,201.72,2
2024-11-10,2024-11-14,Himachal Pradesh,Manali,Dorm,OTA,0.5,582.35,283.51,2
2025-03-20,2025-03-24,Tamil Nadu,Ooty,Private,OTA,0.56,885.26,85.11,1
2025-01-14,2025-01-18,Kerala,Kochi,Private,Walk-in,0.55,1060.35,288.01,3
2025-02-22,2025-02-23,Rajasthan,Jaisalmer,Suite,Website,0.58,929.77,190.2,2
2025-01-27,2025-01-31,Maharashtra,Mumbai,Private,Walk-in,0.69,384.15,166.47,5
2025-02-01,2025-02-03,Kerala,Munnar,Private,OTA,0.74,358.02,135.61,5
2025-02-08,2025-02-10,Rajasthan,Jaisalmer,Private,Website,0.93,876.19,130.05,1
2024-12-16,2024-12-18,Kerala,Munnar,Dorm,Website,0.55,1081.22,288.16,4
2025-03-11,2025-03-14,Kerala,Kochi,Suite,OTA,0.85,1084.16,181.19,3
2025-04-07,2025-04-09,Himachal Pradesh,Manali,Private,OTA,0.67,733.46,183.88,2
2025-01-09,2025-01-14,Rajasthan,Jaisalmer,Dorm,Website,0.69,950.45,194.62,2
2025-02-11,2025-02-13,Uttarakhand,Rishikesh,Private,Website,0.8,749.5,129.1,4
2025-03-23,2025-03-28,Karnataka,Mysore,Dorm,Website,0.53,496.76,294.76,4
2025-03-04,2025-03-09,Goa,Panaji,Dorm,OTA,0.76,1032.4,54.05,3
2025-04-07,2025-04-11,Tamil Nadu,Ooty,Private,OTA,0.72,1045.37,156.46,3
2025-01-22,2025-01-26,Karnataka,Mysore,Private,Walk-in,0.77,919.7,159.37,3
2025-01-06,2025-01-07,Maharashtra,Mumbai,Suite,Website,0.74,854.63,152.82,4
2025-03-26,2025-03-29,Rajasthan,Jaisalmer,Private,Website,1.0,500.59,163.66,4
2025-04-10,2025-04-14,Tamil Nadu,Ooty,Dorm,OTA,0.6,1003.98,176.89,3
2025-01-30,2025-01-31,Kerala,Kochi,Private,Website,0.62,313.98,88.34,3
2025-01-10,2025-01-12,Karnataka,Mysore,Suite,OTA,0.61,473.39,211.11,1
2025-04-08,2025-04-11,Karnataka,Mysore,Suite,Website,0.62,693.66,74.89,2
2024-11-15,2024-11-18,Himachal Pradesh,Manali,Dorm,Website,0.6,383.94,159.36,5
2025-03-09,2025-03-11,Kerala,Kochi,Private,Walk-in,0.88,868.35,139.53,2
2025-04-01,2025-04-02,Kerala,Munnar,Private,Website,0.91,1141.48,206.86,5
2025-01-16,2025-01-19,Karnataka,Mysore,Dorm,Website,0.61,369.64,261.16,2
2025-01-11,2025-01-15,Maharashtra,Mumbai,Private,OTA,,870.2,162.72,2
2024-12-05,2024-12-08,Rajasthan,Jaipur,Private,OTA,0.77,1195.42,200.0,1
2025-03-10,2025-03-11,Rajasthan,Jaisalmer,Suite,Walk-in,0.62,984.86,104.08,3
2024-12-03,2024-12-06,Karnataka,Mysore,Private,Website,0.79,1157.91,137.14,5
2025-03-28,2025-03-31,Kerala,Kochi,Dorm,Website,0.73,918.35,271.83,3
2025-02-16,2025-02-20,Karnataka,Bangalore,Private,OTA,0.47,681.36,236.77,3
2024-12-08,2024-12-12,Uttarakhand,Rishikesh,Dorm,Website,0.93,1162.29,113.27,4
2025-03-13,2025-03-14,Uttarakhand,Dehradun,Dorm,Website,0.97,1028.14,157.35,2
2025-03-16,2025-03-17,Uttarakhand,Rishikesh,Private,Walk-in,0.61,309.81,132.22,4
2025-01-25,2025-01-30,Himachal Pradesh,Manali,Dorm,Website,0.64,804.86,229.07,1
2025-01-18,2025-01-20,Uttarakhand,Rishikesh,Dorm,OTA,0.74,748.79,297.56,4
2025-02-14,2025-02-17,Goa,Panaji,Dorm,Walk-in,0.75,1004.98,193.94,1
2024-12-01,2024-12-02,Rajasthan,Udaipur,Dorm,OTA,0.8,385.61,250.63,3
2024-12-08,2024-12-13,Uttarakhand,Dehradun,Dorm,OTA,1.0,568.6,295.99,4
2025-01-09,2025-01-11,Maharashtra,Mumbai,Dorm,Website,0.67,424.86,298.39,4
2024-10-31,2024-11-01,Rajasthan,Jaisalmer,Private,Website,0.58,399.72,286.79,1
2025-03-03,2025-03-08,Karnataka,Bangalore,Private,Website,0.49,413.66,265.47,5
2024-12-10,2024-12-15,Maharashtra,Nashik,Dorm,Walk-in,0.59,730.13,172.53,3
2024-11-30,2024-12-03,Himachal Pradesh,Manali,Suite,Website,0.7,893.53,233.82,2
2024-12-07,2024-12-11,Goa,Vasco,Dorm,OTA,0.97,394.08,102.17,5
2024-12-20,2024-12-25,Tamil Nadu,Chennai,Dorm,Website,0.62,496.91,140.91,4
2024-12-17,2024-12-19,Himachal Pradesh,Shimla,Suite,OTA,0.73,1156.35,194.31,1
2025-04-07,2025-04-10,Tamil Nadu,Chennai,Dorm,OTA,0.7,895.7,163.16,3
2025-01-28,2025-02-02,Kerala,Munnar,Private,Website,0.88,697.21,142.45,1
2024-10-31,2024-11-05,Kerala,Kochi,Private,Walk-in,1.0,846.7,179.65,1
2024-11-11,2024-11-16,Rajasthan,Jaipur,Private,Website,0.62,359.26,75.26,2
2024-11-14,2024-11-18,Goa,Vasco,Dorm,,0.63,1007.15,136.91,3
2024-11-29,2024-12-01,Tamil Nadu,Ooty,Dorm,OTA,0.86,913.3,91.66,3
2024-12-29,2024-12-31,Uttarakhand,Rishikesh,Private,Website,0.8,453.65,240.07,1
2025-02-27,2025-02-28,Goa,Vasco,Dorm,Website,0.98,810.54,297.6,2
2024-11-14,2024-11-18,Himachal Pradesh,Shimla,Private,Walk-in,0.79,615.7,186.43,4
2025-03-02,2025-03-03,Uttarakhand,Dehradun,Private,Walk-in,0.65,767.38,209.95,2
2024-11-26,2024-11-28,Tamil Nadu,Chennai,Suite,Walk-in,0.79,926.23,157.68,2
2024-10-28,2024-11-02,Himachal Pradesh,Shimla,Dorm,OTA,0.87,1119.29,137.21,3
2025-01-04,2025-01-09,Rajasthan,Jaisalmer,Suite,OTA,0.82,1050.75,80.74,4
2025-01-03,2025-01-05,Rajasthan,Udaipur,Private,Walk-in,0.78,435.2,291.67,5
2024-12-19,2024-12-23,Himachal Pradesh,Manali,Dorm,Website,,554.72,198.27,1
2025-01-29,2025-01-31,Rajasthan,Udaipur,Private,OTA,0.88,1006.74,175.5,5
2025-01-14,2025-01-19,Goa,Vasco,Dorm,OTA,0.91,496.97,168.29,3
2025-01-04,2025-01-07,Maharashtra,Pune,Suite,OTA,0.8,455.97,158.95,3
2024-10-28,2024-10-31,Kerala,Kochi,Private,Website,0.67,567.6,281.78,4
2024-11-25,2024-11-28,Karnataka,Mysore,Suite,Walk-in,0.72,941.34,167.09,4
2025-03-26,2025-03-27,Rajasthan,Udaipur,Dorm,Walk-in,0.88,1116.16,246.66,5
2025-01-05,2025-01-09,Himachal Pradesh,Manali,Dorm,OTA,0.58,903.07,165.7,5
2024-12-30,2025-01-04,Maharashtra,Pune,Dorm,OTA,0.76,808.9,222.65,1
2025-04-09,2025-04-14,Goa,Panaji,Suite,OTA,0.64,422.76,,2
2025-03-14,2025-03-15,Tamil Nadu,Chennai,Dorm,Website,0.7,437.72,269.97,5
2025-02-06,2025-02-07,Tamil Nadu,Ooty,Dorm,OTA,0.89,664.1,295.67,2
2025-02-28,2025-03-02,Maharashtra,Pune,Suite,Website,0.73,466.33,254.64,2
2024-10-19,2024-10-20,Himachal Pradesh,Shimla,Suite,OTA,0.71,630.61,118.8,4
2025-03-31,2025-04-04,Rajasthan,Udaipur,Dorm,Walk-in,0.5,650.49,195.13,1
2025-04-05,2025-04-09,Uttarakhand,Rishikesh,Suite,OTA,0.81,549.21,295.44,3
2025-03-13,2025-03-15,Kerala,Kochi,Suite,Website,0.8,616.68,229.8,3
2025-02-04,2025-02-05,Himachal Pradesh,Shimla,Suite,OTA,1.0,638.87,167.94,2
2024-12-28,2025-01-02,Karnataka,Mysore,Suite,OTA,0.65,826.04,257.47,1
2025-01-16,2025-01-20,Maharashtra,Pune,Private,Website,0.73,1183.2,252.14,2
2024-10-17,2024-10-18,Kerala,Kochi,Suite,OTA,0.74,403.03,261.7,1
2024-12-23,2024-12-24,Karnataka,Mysore,Suite,OTA,0.94,639.87,297.22,5
2024-12-12,2024-12-14,Goa,Panaji,Private,Walk-in,0.69,,98.07,5
2025-03-11,2025-03-14,Karnataka,Bangalore,Private,Walk-in,0.74,791.92,67.99,2
2024-12-30,2025-01-04,Goa,Panaji,Private,Walk-in,0.79,616.9,204.62,5
2025-03-30,2025-03-31,Maharashtra,Nashik,Dorm,Walk-in,0.73,568.4,79.48,2
2025-04-07,2025-04-11,Himachal Pradesh,Shimla,Suite,OTA,0.63,361.16,267.87,3
2025-03-27,2025-04-01,Himachal Pradesh,Shimla,Dorm,Walk-in,0.73,927.77,77.72,4
2025-01-05,2025-01-07,Kerala,Munnar,Private,Website,0.86,425.36,186.77,3
2025-01-28,2025-02-02,Maharashtra,Nashik,Suite,Website,0.55,611.26,67.69,4
2025-03-10,2025-03-11,Karnataka,Mysore,Dorm,Website,0.72,746.94,106.31,3
2025-03-07,2025-03-08,Rajasthan,Jaipur,Dorm,Walk-in,0.59,847.33,144.85,1
2025-01-30,2025-02-04,Kerala,Munnar,Dorm,Website,0.88,694.16,274.29,3
2025-03-20,2025-03-21,Maharashtra,Nashik,Dorm,OTA,0.47,972.73,272.08,5
2025-02-10,2025-02-11,Rajasthan,Jaipur,Dorm,OTA,0.62,462.53,60.93,3
2025-04-08,2025-04-09,Kerala,Munnar,Suite,Website,0.76,368.74,284.59,2
2024-11-27,2024-11-30,Goa,Vasco,Private,Walk-in,0.93,563.42,213.41,5
2025-01-18,2025-01-23,Uttarakhand,Dehradun,Private,OTA,0.69,370.6,278.01,5
2024-11-27,2024-11-29,Karnataka,Bangalore,Suite,OTA,0.62,,163.44,1
2024-12-07,2024-12-08,Himachal Pradesh,Manali,Private,Walk-in,0.98,645.54,54.71,4
2025-01-08,2025-01-11,Kerala,Kochi,Dorm,Walk-in,0.48,986.7,284.31,5
2025-01-18,2025-01-21,Goa,Panaji,Suite,Walk-in,0.37,690.67,156.89,1
2024-10-21,2024-10-25,Himachal Pradesh,Shimla,Suite,Walk-in,0.77,811.47,179.73,2
2024-12-30,2025-01-02,Rajasthan,Udaipur,Dorm,Website,0.62,994.21,123.96,5
2024-12-20,2024-12-23,Rajasthan,Jaipur,Suite,,,588.89,116.13,2
2025-02-22,2025-02-27,Uttarakhand,Dehradun,Dorm,OTA,0.81,352.73,284.71,3
2025-02-24,2025-02-27,Himachal Pradesh,Shimla,Private,Website,0.74,504.68,93.62,5
2025-03-19,2025-03-20,Tamil Nadu,Ooty,Suite,Walk-in,,505.16,287.93,3
2025-01-02,2025-01-04,Rajasthan,Jaisalmer,Private,Website,0.51,369.73,160.95,5
2025-03-05,2025-03-09,Kerala,Kochi,Private,Website,0.83,322.23,201.74,3
2024-11-17,2024-11-19,Himachal Pradesh,Manali,Private,Website,0.8,,87.52,5
2025-03-28,2025-04-01,Uttarakhand,Rishikesh,Suite,Website,0.69,891.35,87.52,1
2025-01-14,2025-01-19,Kerala,Kochi,Dorm,Walk-in,0.98,725.1,181.11,4
2025-04-12,2025-04-15,Uttarakhand,Rishikesh,Dorm,OTA,0.54,583.33,293.1,2
2024-11-09,2024-11-13,Maharashtra,Pune,Suite,Website,0.47,704.07,154.71,5
2025-02-13,2025-02-18,Kerala,Kochi,Private,OTA,0.6,607.41,79.49,4
2025-01-27,2025-01-31,Goa,Panaji,Dorm,Website,0.69,408.71,115.84,5
2024-10-21,2024-10-23,Kerala,Kochi,Dorm,Website,0.74,763.41,182.33,4
2025-04-10,2025-04-13,Himachal Pradesh,Manali,Private,Walk-in,0.66,847.88,76.94,1
2024-12-31,2025-01-03,Tamil Nadu,Ooty,Private,Walk-in,0.75,421.14,95.86,5
2025-02-07,2025-02-11,Uttarakhand,Dehradun,Private,OTA,0.51,459.05,230.63,3
2025-02-02,2025-02-05,Kerala,Munnar,Private,OTA,0.92,981.57,288.38,1
2025-02-21,2025-02-22,Himachal Pradesh,Shimla,Private,OTA,0.69,449.03,121.96,4
2024-10-21,2024-10-24,Maharashtra,Mumbai,Dorm,Website,0.87,,259.7,2
2024-11-01,2024-11-05,Goa,Panaji,Dorm,OTA,0.75,482.83,285.45,5
2025-02-17,2025-02-18,Maharashtra,Nashik,Private,OTA,0.77,743.93,71.72,2
2025-01-07,2025-01-09,Maharashtra,Nashik,Suite,Website,0.79,594.4,176.77,3
2024-11-11,2024-11-15,Uttarakhand,Rishikesh,Dorm,Walk-in,0.77,1014.78,129.38,5
2025-04-02,2025-04-04,Rajasthan,Jaipur,Suite,OTA,0.8,1084.9,105.05,2
2025-01-13,2025-01-15,Himachal Pradesh,Manali,Suite,Website,0.9,,264.29,2
2024-11-20,2024-11-24,Karnataka,Bangalore,Suite,OTA,0.73,852.04,207.76,2
2024-10-25,2024-10-28,Himachal Pradesh,Manali,Suite,OTA,0.81,741.2,207.51,5
2024-12-05,2024-12-09,Himachal Pradesh,Shimla,Private,Website,0.69,896.18,78.95,4
2024-12-28,2025-01-01,Karnataka,Mysore,Suite,OTA,0.92,918.5,57.24,3
2024-12-18,2024-12-21,Uttarakhand,Dehradun,Private,OTA,0.6,1028.13,156.3,3
2024-11-26,2024-11-30,Rajasthan,Udaipur,Private,Website,0.97,815.26,91.63,2
2025-01-12,2025-01-13,Karnataka,Bangalore,Private,Website,0.69,1002.39,133.32,3
2024-12-18,2024-12-20,Uttarakhand,Rishikesh,Suite,OTA,0.49,1073.75,107.33,2
2024-12-20,2024-12-21,Rajasthan,Jaipur,Suite,Website,0.72,751.35,247.84,1
2025-03-12,2025-03-15,Goa,Panaji,Suite,Website,0.6,1031.7,144.46,4
2025-04-04,2025-04-08,Maharashtra,Nashik,Dorm,Website,0.83,968.39,185.42,2
2024-12-28,2025-01-01,Himachal Pradesh,Shimla,Suite,Walk-in,0.6,321.09,118.51,2
2024-12-09,2024-12-11,Kerala,Kochi,Private,Walk-in,0.63,550.7,121.11,5
2025-03-11,2025-03-15,Uttarakhand,Rishikesh,Dorm,Walk-in,0.42,1177.67,149.34,2
2025-03-26,2025-03-27,Karnataka,Bangalore,Suite,Website,0.63,486.91,285.52,5
2025-01-05,2025-01-09,Goa,Panaji,Private,OTA,0.34,580.31,134.47,2
2024-12-03,2024-12-08,Himachal Pradesh,Manali,Private,Walk-in,0.46,749.83,289.87,2
2025-03-27,2025-03-31,Maharashtra,Mumbai,Suite,Website,0.81,638.12,239.22,2
2024-10-31,2024-11-04,Maharashtra,Mumbai,Private,Website,0.82,863.55,181.15,2
2025-01-15,2025-01-18,Kerala,Munnar,Suite,OTA,0.76,853.59,142.91,2
2024-10-19,2024-10-23,Uttarakhand,Dehradun,Private,Website,0.55,1142.58,281.77,2
2025-03-10,2025-03-14,Karnataka,Bangalore,Dorm,Website,0.69,580.66,96.92,1
2025-01-28,2025-01-31,Karnataka,Bangalore,Suite,Walk-in,0.7,1095.01,136.24,1
2024-10-26,2024-10-31,Himachal Pradesh,Shimla,Private,OTA,0.53,805.0,210.4,2
2024-12-22,2024-12-24,Himachal Pradesh,Manali,Suite,Walk-in,0.93,880.35,145.74,5
2024-11-28,2024-11-30,Tamil Nadu,Chennai,Dorm,Website,0.83,1190.18,72.83,5
2025-02-19,2025-02-24,Rajasthan,Jaipur,Private,OTA,0.67,898.36,131.77,5
2024-10-29,2024-11-01,Tamil Nadu,Ooty,Suite,OTA,0.7,777.62,270.82,2
2025-03-16,2025-03-20,Kerala,Munnar,Suite,OTA,0.73,916.83,189.48,4
2025-02-19,2025-02-21,Uttarakhand,Dehradun,Suite,Walk-in,0.39,1088.67,280.15,2
2024-10-23,2024-10-28,Tamil Nadu,Ooty,Dorm,Website,0.66,827.57,132.11,3
2025-03-11,2025-03-15,Himachal Pradesh,Shimla,Dorm,Walk-in,0.6,933.84,118.54,1
2024-10-22,2024-10-24,Tamil Nadu,Ooty,Private,Walk-in,0.55,1087.44,237.65,1
2024-12-03,2024-12-04,Karnataka,Bangalore,Private,Website,0.66,350.44,209.37,1
2024-11-23,2024-11-26,Rajasthan,Udaipur,Suite,Website,0.97,1115.15,196.71,3
2025-03-27,2025-03-29,Rajasthan,Jaipur,Suite,Website,0.8,956.06,70.99,4
2024-10-19,2024-10-22,Rajasthan,Udaipur,Suite,OTA,0.61,405.94,166.56,1
2025-02-13,2025-02-16,Maharashtra,Mumbai,Suite,Walk-in,0.79,1169.19,241.68,1
